t, phi
0.000000, 0.791352
0.020000, 0.791380
0.030000, 0.791377
0.040000, 0.791420
0.050000, 0.791418
0.060000, 0.791403
0.070000, 0.791407
0.080000, 0.791425
0.090000, 0.791479
0.100000, 0.791473
0.110000, 0.791512
0.120000, 0.791515
0.130000, 0.791543
0.140000, 0.791570
0.150000, 0.791611
0.160000, 0.791574
0.170000, 0.791592
0.180000, 0.791655
0.190000, 0.791697
0.200000, 0.791708
0.210000, 0.791750
0.220000, 0.791816
0.230000, 0.791849
0.240000, 0.791854
0.250000, 0.791840
0.260000, 0.791911
0.270000, 0.791912
0.280000, 0.791981
0.300000, 0.792032
0.310000, 0.792035
0.320000, 0.792010
0.330000, 0.791994
0.340000, 0.792008
0.350000, 0.792060
0.360000, 0.792084
0.370000, 0.792036
0.380000, 0.792058
0.390000, 0.792113
0.400000, 0.792153
0.410000, 0.792193
0.420000, 0.792237
0.430000, 0.792280
0.440000, 0.792323
0.450000, 0.792373
0.460000, 0.792409
0.470000, 0.792421
0.480000, 0.792452
0.490000, 0.792451
0.500000, 0.792443
0.510000, 0.792483
0.520000, 0.792490
0.530000, 0.792529
0.540000, 0.792521
0.550000, 0.792516
0.560000, 0.792508
0.570000, 0.792501
0.580000, 0.792455
0.590000, 0.792435
0.600000, 0.792467
0.610000, 0.792498
0.620000, 0.792494
0.630000, 0.792492
0.640000, 0.792542
0.650000, 0.792567
0.660000, 0.792576
0.670000, 0.792585
0.680000, 0.792645
0.690000, 0.792639
0.700000, 0.792627
0.710000, 0.792622
0.720000, 0.792612
0.730000, 0.792614
0.740000, 0.792631
0.750000, 0.792662
0.760000, 0.792641
0.770000, 0.792614
0.780000, 0.792629
0.790000, 0.792695
0.800000, 0.792717
0.810000, 0.792715
0.820000, 0.792737
0.830000, 0.792733
0.839999, 0.792698
0.849999, 0.792696
0.859999, 0.792723
0.869999, 0.792689
0.879999, 0.792713
0.889999, 0.792788
0.899999, 0.792773
0.909999, 0.792789
0.919999, 0.792841
0.929999, 0.792851
0.939999, 0.792892
0.949999, 0.792890
0.959999, 0.792872
0.969999, 0.792865
0.979999, 0.792861
0.989999, 0.792851
0.999999, 0.792847
1.009999, 0.792907
1.019999, 0.792908
1.029999, 0.792936
1.039999, 0.792888
1.049999, 0.792887
1.059999, 0.792881
1.069999, 0.792869
1.079999, 0.792868
1.089999, 0.792852
1.099999, 0.792869
1.109999, 0.792901
1.119999, 0.792886
1.129999, 0.792913
1.139999, 0.792972
1.149999, 0.792981
1.159999, 0.793041
1.169999, 0.793065
1.179999, 0.793102
1.189999, 0.793047
1.199999, 0.793046
1.209999, 0.793025
1.219999, 0.793041
1.229999, 0.793077
1.239999, 0.793070
1.249999, 0.793133
1.259999, 0.793175
1.269999, 0.793198
1.279999, 0.793206
1.289999, 0.793234
1.299999, 0.793224
1.309999, 0.793203
1.319999, 0.793190
1.329999, 0.793186
1.339999, 0.793252
1.349999, 0.793233
1.359999, 0.793259
1.369999, 0.793277
1.379999, 0.793304
1.389999, 0.793285
1.399999, 0.793265
1.409999, 0.793241
1.419999, 0.793224
1.429999, 0.793243
1.439999, 0.793219
1.449999, 0.793248
1.459999, 0.793263
1.469999, 0.793321
1.479999, 0.793342
1.489999, 0.793340
1.499999, 0.793314
1.509999, 0.793299
1.519999, 0.793339
1.529999, 0.793371
1.539999, 0.793394
1.549999, 0.793310
1.559999, 0.793293
1.569999, 0.793291
1.579999, 0.793293
1.589999, 0.793305
1.599999, 0.793351
1.609999, 0.793361
1.619999, 0.793369
1.629999, 0.793398
1.639999, 0.793425
1.649999, 0.793460
1.659999, 0.793497
1.669999, 0.793510
1.679999, 0.793485
1.689999, 0.793547
1.699999, 0.793530
1.709999, 0.793531
1.719999, 0.793554
1.729999, 0.793585
1.739999, 0.793577
1.749999, 0.793580
1.759999, 0.793578
1.769999, 0.793592
1.779999, 0.793606
1.789999, 0.793640
1.799999, 0.793687
1.809999, 0.793698
1.819999, 0.793676
1.829999, 0.793709
1.839999, 0.793707
1.849999, 0.793742
1.859999, 0.793727
1.869999, 0.793731
1.879999, 0.793786
1.889999, 0.793812
1.899999, 0.793843
1.909999, 0.793871
1.919999, 0.793805
1.929999, 0.793789
1.939999, 0.793774
1.949998, 0.793797
1.959998, 0.793804
1.969998, 0.793809
1.979998, 0.793819
1.989998, 0.793832
1.999998, 0.793836
2.009999, 0.793805
2.019999, 0.793771
2.029999, 0.793757
2.039999, 0.793758
2.049999, 0.793774
2.059999, 0.793810
2.069999, 0.793862
2.079998, 0.793862
2.089998, 0.793908
2.099998, 0.793906
2.109998, 0.793955
2.119998, 0.794001
2.129998, 0.794013
2.139998, 0.794015
2.149998, 0.794013
2.159998, 0.794002
2.169998, 0.793983
2.179998, 0.794012
2.189998, 0.793988
2.199998, 0.793968
2.209998, 0.794021
2.219998, 0.793990
2.229998, 0.793983
2.239998, 0.793964
2.249998, 0.793964
2.259998, 0.794024
2.269998, 0.794055
2.279998, 0.794072
2.289998, 0.794070
2.299998, 0.794075
2.309998, 0.794072
2.319998, 0.794039
2.329998, 0.794008
2.339998, 0.793990
2.349998, 0.794017
2.359998, 0.794022
2.369998, 0.794038
2.379998, 0.793971
2.389998, 0.793994
2.399998, 0.794028
2.409998, 0.794080
2.419998, 0.794112
2.429998, 0.794126
2.439998, 0.794159
2.449998, 0.794157
2.459998, 0.794157
2.469998, 0.794105
2.479998, 0.794098
2.489998, 0.794076
2.499998, 0.794071
2.509998, 0.794115
2.519998, 0.794115
2.529998, 0.794150
2.539998, 0.794147
2.549998, 0.794162
2.559998, 0.794188
2.569998, 0.794180
2.579998, 0.794244
2.589998, 0.794264
2.599998, 0.794273
2.609998, 0.794287
2.619998, 0.794287
2.629998, 0.794256
2.639998, 0.794225
2.649998, 0.794294
2.659998, 0.794326
2.669998, 0.794320
2.679998, 0.794355
2.689998, 0.794338
2.699998, 0.794302
2.709998, 0.794353
2.719998, 0.794401
2.729998, 0.794402
2.739998, 0.794413
2.749998, 0.794437
2.759998, 0.794432
2.769998, 0.794432
2.779998, 0.794421
2.789998, 0.794459
2.799998, 0.794492
2.809998, 0.794531
2.819998, 0.794514
2.829998, 0.794518
2.839998, 0.794536
2.849998, 0.794542
2.859998, 0.794549
2.869998, 0.794529
2.879998, 0.794541
2.889998, 0.794557
2.899998, 0.794562
2.909998, 0.794572
2.919998, 0.794579
2.929998, 0.794583
2.939998, 0.794543
2.949998, 0.794546
2.959998, 0.794552
2.969998, 0.794567
2.979998, 0.794554
2.989998, 0.794521
2.999998, 0.794546
3.009998, 0.794537
3.019998, 0.794581
3.029998, 0.794566
3.039998, 0.794587
3.049998, 0.794577
3.059998, 0.794600
3.069998, 0.794633
3.079998, 0.794658
3.089998, 0.794637
3.099998, 0.794604
3.109998, 0.794629
3.119998, 0.794646
3.129997, 0.794640
3.139997, 0.794638
3.149997, 0.794615
3.159997, 0.794622
3.169997, 0.794630
3.179997, 0.794644
3.189997, 0.794620
3.199997, 0.794638
3.209997, 0.794654
3.219997, 0.794689
3.229997, 0.794700
3.239997, 0.794707
3.249997, 0.794708
3.259997, 0.794766
3.269997, 0.794782
3.279997, 0.794803
3.289997, 0.794794
3.299997, 0.794791
3.309997, 0.794793
3.319997, 0.794792
3.329997, 0.794797
3.339997, 0.794827
3.349997, 0.794826
3.359997, 0.794819
3.369997, 0.794840
3.379997, 0.794866
3.389997, 0.794861
3.399997, 0.794905
3.409997, 0.794946
3.419997, 0.794960
3.429997, 0.794957
3.439997, 0.794921
3.449997, 0.794952
3.459997, 0.794992
3.469997, 0.794962
3.479997, 0.794958
3.489997, 0.794865
3.499997, 0.794761
3.509997, 0.791440
3.519997, 0.788940
3.529997, 0.779255
3.539997, 0.769088
3.549997, 0.758177
3.559997, 0.748103
3.569997, 0.732316
3.579997, 0.717204
3.589997, 0.699966
3.599997, 0.682231
3.609997, 0.662384
3.619997, 0.642574
3.629997, 0.620059
3.639997, 0.597487
3.649997, 0.573318
3.659997, 0.548756
3.669997, 0.522590
3.679997, 0.496383
3.689997, 0.468348
3.699997, 0.439833
3.709997, 0.410687
3.719997, 0.381206
3.729997, 0.350208
3.739997, 0.319214
3.749997, 0.287207
3.759997, 0.255003
3.769997, 0.222299
3.779997, 0.189395
3.789997, 0.155871
3.799997, 0.122453
3.809997, 0.088548
3.819997, 0.054742
3.829997, 0.020899
3.839997, -0.012753
3.849997, -0.046237
3.859997, -0.079801
3.869997, -0.112455
3.879997, -0.144991
3.889997, -0.176827
3.899997, -0.208155
3.909997, -0.238300
3.919997, -0.267784
3.929997, -0.295809
3.939997, -0.323059
3.949997, -0.348595
3.959997, -0.374104
3.969997, -0.396536
3.979997, -0.417587
3.989997, -0.437083
3.999997, -0.455246
4.009997, -0.471199
4.019997, -0.486299
4.029997, -0.498612
4.039998, -0.509673
4.049998, -0.518026
4.059998, -0.524891
4.069998, -0.529120
4.079998, -0.532466
4.089999, -0.532946
4.099999, -0.532682
4.109999, -0.529585
4.119999, -0.525768
4.130000, -0.518962
4.140000, -0.511555
4.150000, -0.501894
4.160000, -0.491595
4.170001, -0.479416
4.180001, -0.466676
4.190001, -0.451730
4.200001, -0.437101
4.210001, -0.419867
4.220002, -0.402140
4.230002, -0.385000
4.240002, -0.367022
4.250002, -0.346875
4.260003, -0.327174
4.270003, -0.306028
4.280003, -0.284222
4.290003, -0.261959
4.300004, -0.238810
4.310004, -0.215355
4.320004, -0.191862
4.330004, -0.166959
4.340004, -0.142214
4.350005, -0.117062
4.360005, -0.091846
4.370005, -0.066131
4.380005, -0.040535
4.390006, -0.014575
4.400006, 0.011448
4.410006, 0.037415
4.420006, 0.063339
4.430007, 0.089172
4.440007, 0.114833
4.450007, 0.140196
4.460007, 0.165424
4.470007, 0.190064
4.480008, 0.214434
4.490008, 0.238328
4.500008, 0.261791
4.510008, 0.284522
4.520009, 0.306942
4.530009, 0.328286
4.540009, 0.349383
4.550009, 0.369314
4.560009, 0.388765
4.570010, 0.406852
4.580010, 0.424520
4.590010, 0.440666
4.600010, 0.456410
4.610011, 0.470617
4.620011, 0.484426
4.630011, 0.496501
4.640011, 0.507971
4.650012, 0.517698
4.660012, 0.526911
4.670012, 0.534135
4.680012, 0.540915
4.690012, 0.545767
4.700013, 0.550187
4.710013, 0.552703
4.720013, 0.554730
4.730013, 0.554623
4.740014, 0.554072
4.750014, 0.551651
4.760014, 0.548510
4.770014, 0.543615
4.780015, 0.538267
4.790015, 0.531279
4.800015, 0.523861
4.810015, 0.514822
4.820015, 0.505115
4.830016, 0.493881
4.840016, 0.482103
4.850016, 0.468794
4.860016, 0.455155
4.870017, 0.440119
4.880017, 0.424778
4.890017, 0.408135
4.900017, 0.391203
4.910017, 0.373015
4.920018, 0.354478
4.930018, 0.334786
4.940018, 0.314715
4.950018, 0.293642
4.960019, 0.272400
4.970019, 0.250314
4.980019, 0.228096
4.990019, 0.205128
5.000020, 0.181953
5.010020, 0.158191
5.020020, 0.134284
5.030020, 0.109952
5.040020, 0.085651
5.050021, 0.061033
5.060021, 0.036481
5.070021, 0.011748
5.080021, -0.012804
5.090022, -0.037350
5.100022, -0.061792
5.110022, -0.085864
5.120022, -0.109646
5.130023, -0.132772
5.140023, -0.156185
5.150023, -0.178304
5.160023, -0.200317
5.170023, -0.221231
5.180024, -0.242197
5.190024, -0.261865
5.200024, -0.281601
5.210024, -0.299028
5.220025, -0.316055
5.230025, -0.331749
5.240025, -0.346908
5.250025, -0.359650
5.260026, -0.371920
5.270026, -0.382263
5.280026, -0.392065
5.290026, -0.399357
5.300026, -0.405547
5.310027, -0.410065
5.320027, -0.414195
5.330027, -0.415739
5.340027, -0.416896
5.350028, -0.416136
5.360028, -0.414502
5.370028, -0.411025
5.380028, -0.406821
5.390028, -0.400688
5.400029, -0.393693
5.410029, -0.385490
5.420029, -0.376613
5.430029, -0.367009
5.440030, -0.357477
5.450030, -0.346582
5.460030, -0.333532
5.470030, -0.320889
5.480031, -0.308189
5.490031, -0.293014
5.500031, -0.278338
5.510031, -0.262791
5.520031, -0.246736
5.530032, -0.229749
5.540032, -0.212382
5.550032, -0.194782
5.560032, -0.176873
5.570033, -0.158115
5.580033, -0.139238
5.590033, -0.120047
5.600033, -0.100811
5.610034, -0.081114
5.620034, -0.061613
5.630034, -0.041679
5.640034, -0.021723
5.650034, -0.001912
5.660035, 0.017908
5.670035, 0.037879
5.680035, 0.057630
5.690035, 0.077311
5.700036, 0.096865
5.710036, 0.115991
5.720036, 0.134936
5.730036, 0.153623
5.740036, 0.172005
5.750037, 0.189690
5.760037, 0.207237
5.770037, 0.224137
5.780037, 0.240673
5.790038, 0.256433
5.800038, 0.272002
5.810038, 0.286628
5.820038, 0.300856
5.830039, 0.314002
5.840039, 0.326762
5.850039, 0.338481
5.860039, 0.349673
5.870039, 0.359541
5.880040, 0.369111
5.890040, 0.377411
5.900040, 0.385316
5.910040, 0.391889
5.920041, 0.398076
5.930041, 0.402870
5.940041, 0.407104
5.950041, 0.409918
5.960042, 0.412159
5.970042, 0.412950
5.980042, 0.413366
5.990042, 0.412315
6.000042, 0.410956
6.010043, 0.408173
6.020043, 0.405069
6.030043, 0.400365
6.040043, 0.395188
6.050044, 0.388768
6.060044, 0.382026
6.070044, 0.374023
6.080044, 0.365738
6.090044, 0.356223
6.100045, 0.346422
6.110045, 0.335506
6.120045, 0.324243
6.130045, 0.311910
6.140046, 0.299269
6.150046, 0.285558
6.160046, 0.271582
6.170046, 0.256782
6.180047, 0.241778
6.190047, 0.226033
6.200047, 0.210124
6.210047, 0.193548
6.220047, 0.176721
6.230048, 0.159347
6.240048, 0.141790
6.250048, 0.123807
6.260048, 0.105742
6.270049, 0.087370
6.280049, 0.068945
6.290049, 0.050301
6.300049, 0.031661
6.310050, 0.012991
6.320050, -0.005669
6.330050, -0.024336
6.340050, -0.042868
6.350050, -0.061267
6.360051, -0.079546
6.370051, -0.097406
6.380051, -0.115149
6.390051, -0.132409
6.400052, -0.149450
6.410052, -0.165676
6.420052, -0.181704
6.430052, -0.196829
6.440053, -0.211743
6.450053, -0.225245
6.460053, -0.239219
6.470053, -0.251441
6.480053, -0.263308
6.490054, -0.274250
6.500054, -0.284814
6.510054, -0.293454
6.520054, -0.301904
6.530055, -0.308430
6.540055, -0.314496
6.550055, -0.319069
6.560055, -0.323152
6.570055, -0.325788
6.580056, -0.328268
6.590056, -0.328474
6.600056, -0.328312
6.610056, -0.326238
6.620057, -0.323963
6.630057, -0.320019
6.640057, -0.315888
6.650057, -0.309912
6.660058, -0.303659
6.670058, -0.296798
6.680058, -0.288978
6.690058, -0.281271
6.700058, -0.271660
6.710059, -0.262750
6.720059, -0.252456
6.730059, -0.241285
6.740059, -0.229977
6.750060, -0.218234
6.760060, -0.205930
6.770060, -0.193793
6.780060, -0.180198
6.790061, -0.166886
6.800061, -0.153118
6.810061, -0.138404
6.820061, -0.123594
6.830061, -0.108954
6.840062, -0.094114
6.850062, -0.078816
6.860062, -0.063532
6.870062, -0.048157
6.880063, -0.032507
6.890063, -0.016994
6.900063, -0.001396
6.910063, 0.014247
6.920063, 0.029828
6.930064, 0.045215
6.940064, 0.060541
6.950064, 0.075630
6.960064, 0.090657
6.970065, 0.105389
6.980065, 0.119969
6.990065, 0.134114
7.000065, 0.148009
7.010066, 0.161442
7.020066, 0.174620
7.030066, 0.187276
7.040066, 0.199688
7.050066, 0.211398
7.060067, 0.222893
7.070067, 0.233518
7.080067, 0.243837
7.090067, 0.253253
7.100068, 0.262407
7.110068, 0.270576
7.120068, 0.278464
7.130068, 0.285367
7.140069, 0.292022
7.150069, 0.297634
7.160069, 0.302876
7.170069, 0.306790
7.180069, 0.310396
7.190070, 0.312942
7.200070, 0.315145
7.210070, 0.316264
7.220070, 0.317080
7.230071, 0.316786
7.240071, 0.316154
7.250071, 0.314309
7.260071, 0.312027
7.270072, 0.308611
7.280072, 0.304962
7.290072, 0.300263
7.300072, 0.295282
7.310072, 0.289296
7.320073, 0.283101
7.330073, 0.276014
7.340073, 0.268518
7.350073, 0.260006
7.360074, 0.251311
7.370074, 0.241772
7.380074, 0.232090
7.390074, 0.221639
7.400074, 0.211039
7.410075, 0.199707
7.420075, 0.188130
7.430075, 0.175970
7.440075, 0.163571
7.450076, 0.150664
7.460076, 0.137670
7.470076, 0.124206
7.480076, 0.110705
7.490077, 0.096752
7.500077, 0.082795
7.510077, 0.068568
7.520077, 0.054312
7.530077, 0.039868
7.540078, 0.025412
7.550078, 0.010867
7.560078, -0.003575
7.570078, -0.018018
7.580079, -0.032380
7.590079, -0.046641
7.600079, -0.060759
7.610079, -0.074623
7.620080, -0.088369
7.630080, -0.101780
7.640080, -0.114966
7.650080, -0.127534
7.660080, -0.140048
7.670081, -0.151806
7.680081, -0.163387
7.690081, -0.174305
7.700081, -0.184787
7.710082, -0.194425
7.720082, -0.203837
7.730082, -0.212359
7.740082, -0.220310
7.750082, -0.227467
7.760083, -0.234454
7.770083, -0.240057
7.780083, -0.245094
7.790083, -0.249266
7.800084, -0.253016
7.810084, -0.255413
7.820084, -0.257523
7.830084, -0.258345
7.840085, -0.258932
7.850085, -0.258083
7.860085, -0.256916
7.870085, -0.254817
7.880085, -0.252003
7.890086, -0.248141
7.900086, -0.243905
7.910086, -0.238746
7.920086, -0.233345
7.930087, -0.227250
7.940087, -0.220963
7.950087, -0.213795
7.960087, -0.206454
7.970088, -0.198410
7.980088, -0.190025
7.990088, -0.181063
8.000088, -0.171906
8.010088, -0.162029
8.020088, -0.152121
8.030088, -0.141877
8.040089, -0.131389
8.050089, -0.120457
8.060089, -0.109620
8.070089, -0.097975
8.080090, -0.086227
8.090090, -0.074447
8.100090, -0.062564
8.110090, -0.050449
8.120090, -0.038385
8.130091, -0.026120
8.140091, -0.013816
8.150091, -0.001570
8.160091, 0.010629
8.170092, 0.022964
8.180092, 0.035056
8.190092, 0.047096
8.200092, 0.059105
8.210093, 0.070797
8.220093, 0.082324
8.230093, 0.093694
8.240093, 0.104890
8.250093, 0.115642
8.260094, 0.126312
8.270094, 0.136484
8.280094, 0.146499
8.290094, 0.156043
8.300095, 0.165399
8.310095, 0.174166
8.320095, 0.182756
8.330095, 0.190645
8.340096, 0.198206
8.350096, 0.205064
8.360096, 0.211726
8.370096, 0.217525
8.380096, 0.223166
8.390097, 0.227982
8.400097, 0.232600
8.410097, 0.236380
8.420097, 0.239946
8.430098, 0.242642
8.440098, 0.244858
8.450098, 0.246197
8.460098, 0.247326
8.470098, 0.247555
8.480099, 0.247543
8.490099, 0.246610
8.500099, 0.245553
8.510099, 0.243589
8.520100, 0.241403
8.530100, 0.238273
8.540100, 0.234830
8.550100, 0.230545
8.560101, 0.226106
8.570101, 0.220912
8.580101, 0.215518
8.590101, 0.209411
8.600101, 0.203167
8.610102, 0.196240
8.620102, 0.188986
8.630102, 0.181054
8.640102, 0.173006
8.650103, 0.164359
8.660103, 0.155586
8.670103, 0.146387
8.680103, 0.137033
8.690104, 0.127245
8.700104, 0.117361
8.710104, 0.107047
8.720104, 0.096579
8.730104, 0.085768
8.740105, 0.074974
8.750105, 0.063860
8.760105, 0.052806
8.770105, 0.041525
8.780106, 0.030345
8.790106, 0.019072
8.800106, 0.007777
8.810106, -0.003517
8.820107, -0.014778
8.830107, -0.025980
8.840107, -0.037116
8.850107, -0.048031
8.860107, -0.058869
8.870108, -0.069521
8.880108, -0.080000
8.890108, -0.090169
8.900108, -0.100085
8.910109, -0.109654
8.920109, -0.119106
8.930109, -0.127970
8.940109, -0.136586
8.950109, -0.144601
8.960110, -0.152404
8.970110, -0.159595
8.980110, -0.166536
8.990110, -0.172698
9.000111, -0.178481
9.010111, -0.184001
9.020111, -0.188637
9.030111, -0.192487
9.040112, -0.196217
9.050112, -0.198935
9.060112, -0.201232
9.070112, -0.202959
9.080112, -0.204214
9.090113, -0.204382
9.100113, -0.204260
9.110113, -0.203411
9.120113, -0.202148
9.130114, -0.200092
9.140114, -0.197856
9.150114, -0.194709
9.160114, -0.191418
9.170115, -0.187479
9.180115, -0.183217
9.190115, -0.178174
9.200115, -0.173026
9.210115, -0.167323
9.220116, -0.161460
9.230116, -0.154780
9.240116, -0.147689
9.250116, -0.140817
9.260117, -0.133596
9.270117, -0.125689
9.280117, -0.117606
9.290117, -0.109421
9.300117, -0.100897
9.310118, -0.092274
9.320118, -0.083524
9.330118, -0.074358
9.340118, -0.065184
9.350119, -0.055923
9.360119, -0.046559
9.370119, -0.036964
9.380119, -0.027358
9.390120, -0.017698
9.400120, -0.007983
9.410120, 0.001678
9.420120, 0.011320
9.430120, 0.020879
9.440121, 0.030425
9.450121, 0.039879
9.460121, 0.049266
9.470121, 0.058373
9.480122, 0.067404
9.490122, 0.076263
9.500122, 0.084916
9.510122, 0.093387
9.520123, 0.101715
9.530123, 0.109593
9.540123, 0.117340
9.550123, 0.124730
9.560123, 0.131818
9.570124, 0.138476
9.580124, 0.145001
9.590124, 0.150872
9.600124, 0.156676
9.610125, 0.161930
9.620125, 0.167034
9.630125, 0.171517
9.640125, 0.175854
9.650126, 0.179508
9.660126, 0.182891
9.670126, 0.185585
9.680126, 0.188121
9.690126, 0.189939
9.700127, 0.191594
9.710127, 0.192539
9.720127, 0.193349
9.730127, 0.193402
9.740128, 0.193253
9.750128, 0.192273
9.760128, 0.191203
9.770128, 0.189455
9.780128, 0.187501
9.790129, 0.184907
9.800129, 0.182092
9.810129, 0.178713
9.820129, 0.175176
9.830130, 0.171018
9.840130, 0.166553
9.850130, 0.161582
9.860130, 0.156482
9.870131, 0.150800
9.880131, 0.145047
9.890131, 0.138830
9.900131, 0.132524
9.910131, 0.125715
9.920132, 0.118845
9.930132, 0.111483
9.940132, 0.104044
9.950132, 0.096225
9.960133, 0.088334
9.970133, 0.080187
9.980133, 0.071970
9.990133, 0.063603
10.000134, 0.055213
10.010134, 0.046616
10.020134, 0.037986
10.030134, 0.029175
10.040134, 0.020439
10.050135, 0.011644
10.060135, 0.002870
10.070135, -0.005902
10.080135, -0.014629
10.090136, -0.023299
10.100136, -0.031875
10.110136, -0.040301
10.120136, -0.048636
10.130136, -0.056696
10.140137, -0.064718
10.150137, -0.072447
10.160137, -0.080092
10.170137, -0.087334
10.180138, -0.094449
10.190138, -0.101075
10.200138, -0.107583
10.210138, -0.113599
10.220139, -0.119486
10.230139, -0.124815
10.240139, -0.129954
10.250139, -0.134517
10.260139, -0.138927
10.270140, -0.142632
10.280140, -0.146071
10.290140, -0.148837
10.300140, -0.151409
10.310141, -0.153346
10.320141, -0.155047
10.330141, -0.156071
10.340141, -0.156873
10.350142, -0.156958
10.360142, -0.156863
10.370142, -0.155898
10.380142, -0.154689
10.390142, -0.153033
10.400143, -0.151166
10.410143, -0.148589
10.420143, -0.145935
10.430143, -0.142687
10.440144, -0.139138
10.450144, -0.135163
10.460144, -0.131027
10.470144, -0.126077
10.480145, -0.121473
10.490145, -0.116408
10.500145, -0.110936
10.510145, -0.105599
10.520145, -0.100121
10.530146, -0.093795
10.540146, -0.087472
10.550146, -0.081089
10.560146, -0.074447
10.570147, -0.067667
10.580147, -0.060871
10.590147, -0.053697
10.600147, -0.046472
10.610147, -0.039200
10.620148, -0.031895
10.630148, -0.024444
10.640148, -0.017046
10.650148, -0.009584
10.660149, -0.002072
10.670149, 0.005412
10.680149, 0.012850
10.690149, 0.020236
10.700150, 0.027597
10.710150, 0.034851
10.720150, 0.042026
10.730150, 0.049037
10.740150, 0.055981
10.750151, 0.062731
10.760151, 0.069381
10.770151, 0.075821
10.780151, 0.082167
10.790152, 0.088130
10.800152, 0.093998
10.810152, 0.099561
10.820152, 0.104936
10.830153, 0.109929
10.840153, 0.114820
10.850153, 0.119279
10.860153, 0.123631
10.870153, 0.127521
10.880154, 0.131220
10.890154, 0.134451
10.900154, 0.137496
10.910154, 0.140003
10.920155, 0.142353
10.930155, 0.144292
10.940155, 0.146075
10.950155, 0.147267
10.960155, 0.148333
10.970156, 0.148935
10.980156, 0.149279
10.990156, 0.148993
11.000156, 0.148574
11.010157, 0.147734
11.020157, 0.146677
11.030157, 0.145099
11.040157, 0.143417
11.050158, 0.141242
11.060158, 0.138995
11.070158, 0.136166
11.080158, 0.133206
11.090158, 0.129708
11.100159, 0.126176
11.110159, 0.122200
11.120159, 0.118081
11.130159, 0.113631
11.140160, 0.109037
11.150160, 0.104132
11.160160, 0.099062
11.170160, 0.093657
11.180161, 0.088134
11.190161, 0.082357
11.200161, 0.076547
11.210161, 0.070437
11.220161, 0.064306
11.230162, 0.057990
11.240162, 0.051655
11.250162, 0.045131
11.260162, 0.038615
11.270163, 0.031969
11.280163, 0.025288
11.290163, 0.018613
11.300163, 0.011961
11.310163, 0.005263
11.320164, -0.001462
11.330164, -0.008146
11.340164, -0.014764
11.350164, -0.021299
11.360165, -0.027817
11.370165, -0.034203
11.380165, -0.040483
11.390165, -0.046573
11.400166, -0.052577
11.410166, -0.058347
11.420166, -0.063984
11.430166, -0.069395
11.440166, -0.074680
11.450167, -0.079640
11.460167, -0.084462
11.470167, -0.088885
11.480167, -0.093222
11.490168, -0.097054
11.500168, -0.100798
11.510168, -0.104137
11.520168, -0.107257
11.530169, -0.109924
11.540169, -0.112379
11.550169, -0.114326
11.560169, -0.116101
11.570169, -0.117275
11.580170, -0.118374
11.590170, -0.118922
11.600170, -0.119336
11.610170, -0.119231
11.620171, -0.118917
11.630171, -0.118092
11.640171, -0.117078
11.650171, -0.115614
11.660172, -0.113947
11.670172, -0.111829
11.680172, -0.109624
11.690172, -0.107016
11.700172, -0.104290
11.710173, -0.101115
11.720173, -0.097918
11.730173, -0.094300
11.740173, -0.090616
11.750174, -0.086535
11.760174, -0.082415
11.770174, -0.078024
11.780174, -0.073594
11.790174, -0.068848
11.800175, -0.064063
11.810175, -0.059046
11.820175, -0.053977
11.830175, -0.048710
11.840176, -0.043438
11.850176, -0.037996
11.860176, -0.032533
11.870176, -0.026986
11.880177, -0.021470
11.890177, -0.015865
11.900177, -0.010189
11.910177, -0.004551
11.920177, 0.001133
11.930178, 0.006795
11.940178, 0.012423
11.950178, 0.017967
11.960178, 0.023470
11.970179, 0.028897
11.980179, 0.034248
11.990179, 0.039486
12.000179, 0.044662
12.010180, 0.049638
12.020180, 0.054528
12.030180, 0.059264
12.040180, 0.063902
12.050180, 0.068247
12.060181, 0.072576
12.070181, 0.076589
12.080181, 0.080528
12.090181, 0.084217
12.100182, 0.087731
12.110182, 0.090992
12.120182, 0.094013
12.130182, 0.096726
12.140182, 0.099365
12.150183, 0.101613
12.160183, 0.103770
12.170183, 0.105531
12.180183, 0.107106
12.190184, 0.108348
12.200184, 0.109496
12.210184, 0.110241
12.220184, 0.110779
12.230185, 0.110954
12.240185, 0.111022
12.250185, 0.110708
12.260185, 0.110268
12.270185, 0.109440
12.280186, 0.108404
12.290186, 0.107073
12.300186, 0.105580
12.310186, 0.103721
12.320187, 0.101784
12.330187, 0.099501
12.340187, 0.097137
12.350187, 0.094407
12.360188, 0.091599
12.370188, 0.088468
12.380188, 0.085247
12.390188, 0.081710
12.400188, 0.078082
12.410189, 0.074228
12.420189, 0.070372
12.430189, 0.066264
12.440189, 0.062104
12.450190, 0.057739
12.460190, 0.053341
12.470190, 0.048747
12.480190, 0.044139
12.490191, 0.039361
12.500191, 0.034567
12.510191, 0.029655
12.520191, 0.024784
12.530191, 0.019836
12.540192, 0.014929
12.550192, 0.009901
12.560192, 0.004913
12.570192, -0.000032
12.580193, -0.004945
12.590193, -0.009825
12.600193, -0.014681
12.610193, -0.019465
12.620193, -0.024201
12.630194, -0.028788
12.640194, -0.033373
12.650194, -0.037753
12.660194, -0.042072
12.670195, -0.046241
12.680195, -0.050258
12.690195, -0.054090
12.700195, -0.057852
12.710196, -0.061343
12.720196, -0.064712
12.730196, -0.067845
12.740196, -0.070866
12.750196, -0.073546
12.760197, -0.076092
12.770197, -0.078238
12.780197, -0.080319
12.790197, -0.082057
12.800198, -0.083690
12.810198, -0.084928
12.820198, -0.086058
12.830198, -0.086867
12.840199, -0.087452
12.850199, -0.087666
12.860199, -0.087705
12.870199, -0.087482
12.880199, -0.087131
12.890200, -0.086299
12.900200, -0.085365
12.910200, -0.084162
12.920200, -0.082854
12.930201, -0.081143
12.940201, -0.079384
12.950201, -0.077270
12.960201, -0.075003
12.970201, -0.072546
12.980202, -0.070052
12.990202, -0.067270
13.000202, -0.064412
13.010202, -0.061366
13.020203, -0.058261
13.030203, -0.054971
13.040203, -0.051616
13.050203, -0.048099
13.060204, -0.044521
13.070204, -0.040770
13.080204, -0.036973
13.090204, -0.033090
13.100204, -0.029171
13.110205, -0.025167
13.120205, -0.021189
13.130205, -0.017080
13.140205, -0.012973
13.150206, -0.008856
13.160206, -0.004747
13.170206, -0.000623
13.180206, 0.003497
13.190207, 0.007572
13.200207, 0.011582
13.210207, 0.015576
13.220207, 0.019564
13.230207, 0.023503
13.240208, 0.027360
13.250208, 0.031136
13.260208, 0.034792
13.270208, 0.038401
13.280209, 0.041886
13.290209, 0.045200
13.300209, 0.048414
13.310209, 0.051495
13.320210, 0.054517
13.330210, 0.057306
13.340210, 0.060042
13.350210, 0.062536
13.360210, 0.064911
13.370211, 0.067080
13.380211, 0.069161
13.390211, 0.070935
13.400211, 0.072624
13.410212, 0.074076
13.420212, 0.075363
13.430212, 0.076432
13.440212, 0.077409
13.450212, 0.078076
13.460213, 0.078621
13.470213, 0.078907
13.480213, 0.079148
13.490213, 0.079016
13.500214, 0.078829
13.510214, 0.078372
13.520214, 0.077812
13.530214, 0.076907
13.540215, 0.075998
13.550215, 0.074796
13.560215, 0.073464
13.570215, 0.071890
13.580215, 0.070244
13.590216, 0.068336
13.600216, 0.066379
13.610216, 0.064239
13.620216, 0.062012
13.630217, 0.059587
13.640217, 0.057110
13.650217, 0.054391
13.660217, 0.051650
13.670218, 0.048798
13.680218, 0.045893
13.690218, 0.042816
13.700218, 0.039723
13.710218, 0.036526
13.720219, 0.033253
13.730219, 0.029927
13.740219, 0.026586
13.750219, 0.023129
13.760220, 0.019691
13.770220, 0.016181
13.780220, 0.012661
13.790220, 0.009146
13.800220, 0.005662
13.810221, 0.002173
13.820221, -0.001244
13.830221, -0.004715
13.840221, -0.008151
13.850222, -0.011597
13.860222, -0.014979
13.870222, -0.018275
13.880222, -0.021485
13.890223, -0.024649
13.900223, -0.027702
13.910223, -0.030688
13.920223, -0.033601
13.930223, -0.036327
13.940224, -0.038989
13.950224, -0.041469
13.960224, -0.043872
13.970224, -0.046073
13.980225, -0.048200
13.990225, -0.050147
14.000225, -0.052034
14.010225, -0.053671
14.020226, -0.055192
14.030226, -0.056484
14.040226, -0.057705
14.050226, -0.058656
14.060226, -0.059530
14.070227, -0.060089
14.080227, -0.060635
14.090227, -0.060842
14.100227, -0.061009
14.110228, -0.060913
14.120228, -0.060722
14.130228, -0.060313
14.140228, -0.059810
14.150229, -0.059020
14.160229, -0.058152
14.170229, -0.057077
14.180229, -0.055880
14.190229, -0.054547
14.200230, -0.053132
14.210230, -0.051459
14.220230, -0.049766
14.230230, -0.047851
14.240231, -0.045887
14.250231, -0.043868
14.260231, -0.041820
14.270231, -0.039583
14.280231, -0.037338
14.290232, -0.034959
14.300232, -0.032522
14.310232, -0.029970
14.320232, -0.027429
14.330233, -0.024815
14.340233, -0.022156
14.350233, -0.019399
14.360233, -0.016650
14.370234, -0.013869
14.380234, -0.011032
14.390234, -0.008183
14.400234, -0.005361
14.410234, -0.002545
14.420235, 0.000299
14.430235, 0.003103
14.440235, 0.005890
14.450235, 0.008669
14.460236, 0.011434
14.470236, 0.014116
14.480236, 0.016758
14.490236, 0.019363
14.500237, 0.021916
14.510237, 0.024375
14.520237, 0.026778
14.530237, 0.029095
14.540237, 0.031344
14.550238, 0.033482
14.560238, 0.035545
14.570238, 0.037485
14.580238, 0.039354
14.590239, 0.041115
14.600239, 0.042761
14.610239, 0.044289
14.620239, 0.045715
14.630239, 0.047026
14.640240, 0.048231
14.650240, 0.049333
14.660240, 0.050354
14.670240, 0.051114
14.680241, 0.051837
14.690241, 0.052367
14.700241, 0.052826
14.710241, 0.053097
14.720242, 0.053257
14.730242, 0.053265
14.740242, 0.053196
14.750242, 0.052877
14.760242, 0.052506
14.770243, 0.051942
14.780243, 0.051319
14.790243, 0.050494
14.800243, 0.049599
14.810244, 0.048570
14.820244, 0.047451
14.830244, 0.046156
14.840244, 0.044838
14.850245, 0.043340
14.860245, 0.041836
14.870245, 0.040277
14.880245, 0.038631
14.890245, 0.036880
14.900246, 0.035138
14.910246, 0.033253
14.920246, 0.031292
14.930246, 0.029260
14.940247, 0.027168
14.950247, 0.025033
14.960247, 0.022863
14.970247, 0.020623
14.980247, 0.018386
14.990248, 0.016088
15.000248, 0.013785
15.010248, 0.011473
15.020248, 0.009115
15.030249, 0.006811
15.040249, 0.004503
15.050249, 0.002198
15.060249, -0.000059
15.070250, -0.002292
15.080250, -0.004483
15.090250, -0.006713
15.100250, -0.008908
15.110250, -0.011054
15.120251, -0.013173
15.130251, -0.015161
15.140251, -0.017205
15.150251, -0.019076
15.160252, -0.020961
15.170252, -0.022728
15.180252, -0.024394
15.190252, -0.026023
15.200253, -0.027580
15.210253, -0.028999
15.220253, -0.030385
15.230253, -0.031590
15.240253, -0.032745
15.250254, -0.033754
15.260254, -0.034700
15.270254, -0.035488
15.280254, -0.036266
15.290255, -0.036858
15.300255, -0.037423
15.310255, -0.037777
15.320255, -0.038103
15.330256, -0.038279
15.340256, -0.038336
15.350256, -0.038257
15.360256, -0.038067
15.370256, -0.037727
15.380257, -0.037322
15.390257, -0.036764
15.400257, -0.036204
15.410257, -0.035462
15.420258, -0.034703
15.430258, -0.033798
15.440258, -0.032853
15.450258, -0.031749
15.460258, -0.030620
15.470259, -0.029423
15.480259, -0.028164
15.490259, -0.026806
15.500259, -0.025437
15.510260, -0.023989
15.520260, -0.022508
15.530260, -0.020963
15.540260, -0.019436
15.550261, -0.017756
15.560261, -0.016097
15.570261, -0.014366
15.580261, -0.012646
15.590261, -0.010931
15.600262, -0.009175
15.610262, -0.007333
15.620262, -0.005532
15.630262, -0.003700
15.640263, -0.001862
15.650263, -0.000083
15.660263, 0.001685
15.670263, 0.003434
15.680264, 0.005175
15.690264, 0.006877
15.700264, 0.008585
15.710264, 0.010207
15.720264, 0.011855
15.730265, 0.013421
15.740265, 0.014945
15.750265, 0.016427
15.760265, 0.017905
15.770266, 0.019259
15.780266, 0.020612
15.790266, 0.021912
15.800266, 0.023131
15.810266, 0.024243
15.820267, 0.025351
15.830267, 0.026321
15.840267, 0.027262
15.850267, 0.028123
15.860268, 0.028900
15.870268, 0.029573
15.880268, 0.030196
15.890268, 0.030700
15.900269, 0.031189
15.910269, 0.031553
15.920269, 0.031928
15.930269, 0.032136
15.940269, 0.032220
15.950270, 0.032208
15.960270, 0.032232
15.970270, 0.032090
15.980270, 0.031850
15.990271, 0.031520
16.000271, 0.031189
16.010271, 0.030671
16.020271, 0.030157
16.030272, 0.029535
16.040272, 0.028883
16.050272, 0.028116
16.060272, 0.027288
16.070272, 0.026349
16.080273, 0.025435
16.090273, 0.024441
16.100273, 0.023421
16.110273, 0.022347
16.120274, 0.021200
16.130274, 0.020048
16.140274, 0.018865
16.150274, 0.017620
16.160275, 0.016331
16.170275, 0.015027
16.180275, 0.013726
16.190275, 0.012396
16.200275, 0.011035
16.210276, 0.009711
16.220276, 0.008367
16.230276, 0.007008
16.240276, 0.005648
16.250277, 0.004275
16.260277, 0.002905
16.270277, 0.001605
16.280277, 0.000261
16.290277, -0.001051
16.300278, -0.002348
16.310278, -0.003582
16.320278, -0.004827
16.330278, -0.006018
16.340279, -0.007172
16.350279, -0.008336
16.360279, -0.009432
16.370279, -0.010500
16.380280, -0.011566
16.390280, -0.012513
16.400280, -0.013482
16.410280, -0.014331
16.420280, -0.015077
16.430281, -0.015814
16.440281, -0.016552
16.450281, -0.017169
16.460281, -0.017742
16.470282, -0.018243
16.480282, -0.018732
16.490282, -0.019097
16.500282, -0.019415
16.510283, -0.019628
16.520283, -0.019836
16.530283, -0.019935
16.540283, -0.020044
16.550283, -0.019999
16.560284, -0.019966
16.570284, -0.019786
16.580284, -0.019614
16.590284, -0.019313
16.600285, -0.018998
16.610285, -0.018581
16.620285, -0.018134
16.630285, -0.017584
16.640285, -0.017031
16.650286, -0.016417
16.660286, -0.015792
16.670286, -0.015114
16.680286, -0.014404
16.690287, -0.013634
16.700287, -0.012844
16.710287, -0.012045
16.720287, -0.011198
16.730288, -0.010344
16.740288, -0.009446
16.750288, -0.008526
16.760288, -0.007557
16.770288, -0.006539
16.780289, -0.005610
16.790289, -0.004647
16.800289, -0.003680
16.810289, -0.002701
16.820290, -0.001737
16.830290, -0.000776
16.840290, 0.000185
16.850290, 0.001100
16.860291, 0.002039
16.870291, 0.002968
16.880291, 0.003874
16.890291, 0.004717
16.900291, 0.005580
16.910292, 0.006437
16.920292, 0.007316
16.930292, 0.008119
16.940292, 0.008862
16.950293, 0.009599
16.960293, 0.010316
16.970293, 0.010990
16.980293, 0.011659
16.990294, 0.012260
17.000294, 0.012834
17.010294, 0.013300
17.020294, 0.013768
17.030294, 0.014207
17.040295, 0.014636
17.050295, 0.014963
17.060295, 0.015276
17.070295, 0.015564
17.080296, 0.015880
17.090296, 0.016087
17.100296, 0.016279
17.110296, 0.016353
17.120296, 0.016449
17.130297, 0.016465
17.140297, 0.016448
17.150297, 0.016400
17.160297, 0.016281
17.170298, 0.016115
17.180298, 0.015874
17.190298, 0.015640
17.200298, 0.015340
17.210299, 0.014990
17.220299, 0.014625
17.230299, 0.014216
17.240299, 0.013776
17.250299, 0.013338
17.260300, 0.012850
17.270300, 0.012331
17.280300, 0.011799
17.290300, 0.011191
17.300301, 0.010633
17.310301, 0.010037
17.320301, 0.009341
17.330301, 0.008689
17.340302, 0.008056
17.350302, 0.007396
17.360302, 0.006716
17.370302, 0.005977
17.380302, 0.005275
17.390303, 0.004590
17.400303, 0.003915
17.410303, 0.003173
17.420303, 0.002479
17.430304, 0.001797
17.440304, 0.001122
17.450304, 0.000494
17.460304, -0.000124
17.470304, -0.000710
17.480305, -0.001306
17.490305, -0.001867
17.500305, -0.002385
17.510305, -0.002936
17.520306, -0.003444
17.530306, -0.003892
17.540306, -0.004376
17.550306, -0.004819
17.560307, -0.005291
17.570307, -0.005662
17.580307, -0.005997
17.590307, -0.006287
17.600307, -0.006567
17.610308, -0.006757
17.620308, -0.007007
17.630308, -0.007167
17.640308, -0.007327
17.650309, -0.007474
17.660309, -0.007603
17.670309, -0.007637
17.680309, -0.007645
17.690310, -0.007652
17.700310, -0.007644
17.710310, -0.007559
17.720310, -0.007416
17.730310, -0.007270
17.740311, -0.007120
17.750311, -0.006904
17.760311, -0.006701
17.770311, -0.006434
17.780312, -0.006191
17.790312, -0.005882
17.800312, -0.005572
17.810312, -0.005234
17.820312, -0.004918
17.830313, -0.004542
17.840313, -0.004141
17.850313, -0.003742
17.860313, -0.003372
17.870314, -0.002941
17.880314, -0.002518
17.890314, -0.002132
17.900314, -0.001656
17.910315, -0.001222
17.920315, -0.000804
17.930315, -0.000347
17.940315, 0.000095
17.950315, 0.000551
17.960316, 0.000971
17.970316, 0.001406
17.980316, 0.001840
17.990316, 0.002239
18.000317, 0.002648
18.010317, 0.003033
18.020317, 0.003390
18.030317, 0.003764
18.040318, 0.004109
18.050318, 0.004472
18.060318, 0.004763
18.070318, 0.005070
18.080318, 0.005342
18.090319, 0.005580
18.100319, 0.005803
18.110319, 0.006002
18.120319, 0.006159
18.130320, 0.006338
18.140320, 0.006483
18.150320, 0.006671
18.160320, 0.006762
18.170321, 0.006866
18.180321, 0.006943
18.190321, 0.006974
18.200321, 0.006976
18.210321, 0.006973
18.220322, 0.006920
18.230322, 0.006807
18.240322, 0.006724
18.250322, 0.006664
18.260323, 0.006571
18.270323, 0.006426
18.280323, 0.006270
18.290323, 0.006132
18.300323, 0.005933
18.310324, 0.005754
18.320324, 0.005570
18.330324, 0.005328
18.340324, 0.005081
18.350325, 0.004799
18.360325, 0.004507
18.370325, 0.004204
18.380325, 0.003944
18.390326, 0.003700
18.400326, 0.003467
18.410326, 0.003187
18.420326, 0.002931
18.430326, 0.002658
18.440327, 0.002369
18.450327, 0.002071
18.460327, 0.001793
18.470327, 0.001516
18.480328, 0.001234
18.490328, 0.000952
18.500328, 0.000754
18.510328, 0.000553
18.520329, 0.000316
18.530329, 0.000086
18.540329, -0.000136
18.550329, -0.000353
18.560329, -0.000591
18.570330, -0.000801
18.580330, -0.000966
18.590330, -0.001111
18.600330, -0.001241
18.610331, -0.001436
18.620331, -0.001538
18.630331, -0.001611
18.640331, -0.001683
18.650331, -0.001750
18.660332, -0.001847
18.670332, -0.001894
18.680332, -0.001894
18.690332, -0.001883
18.700333, -0.001840
18.710333, -0.001797
18.720333, -0.001747
18.730333, -0.001709
18.740334, -0.001605
18.750334, -0.001470
18.760334, -0.001345
18.770334, -0.001210
18.780334, -0.001089
18.790335, -0.000941
18.800335, -0.000814
18.810335, -0.000678
18.820335, -0.000491
18.830336, -0.000349
18.840336, -0.000149
18.850336, 0.000098
18.860336, 0.000279
18.870337, 0.000439
18.880337, 0.000600
18.890337, 0.000808
18.900337, 0.000980
18.910337, 0.001197
18.920338, 0.001383
18.930338, 0.001543
18.940338, 0.001751
18.950338, 0.001960
18.960339, 0.002155
18.970339, 0.002326
18.980339, 0.002498
18.990339, 0.002689
19.000340, 0.002837
19.010340, 0.002991
19.020340, 0.003124
19.030340, 0.003296
19.040340, 0.003396
19.050341, 0.003505
19.060341, 0.003647
19.070341, 0.003717
19.080341, 0.003826
19.090342, 0.003930
19.100342, 0.004026
19.110342, 0.004108
19.120342, 0.004150
19.130342, 0.004154
19.140343, 0.004190
19.150343, 0.004202
19.160343, 0.004172
19.170343, 0.004136
19.180344, 0.004126
19.190344, 0.004066
19.200344, 0.004004
19.210344, 0.003960
19.220345, 0.003864
19.230345, 0.003763
19.240345, 0.003663
19.250345, 0.003574
19.260345, 0.003521
19.270346, 0.003405
19.280346, 0.003282
19.290346, 0.003156
19.300346, 0.003066
19.310347, 0.002922
19.320347, 0.002808
19.330347, 0.002671
19.340347, 0.002549
19.350348, 0.002395
19.360348, 0.002245
19.370348, 0.002167
19.380348, 0.002040
19.390348, 0.001896
19.400349, 0.001778
19.410349, 0.001633
19.420349, 0.001468
19.430349, 0.001342
19.440350, 0.001216
19.450350, 0.001127
19.460350, 0.000979
19.470350, 0.000872
19.480350, 0.000696
19.490351, 0.000555
19.500351, 0.000467
19.510351, 0.000362
19.520351, 0.000313
19.530352, 0.000301
19.540352, 0.000252
19.550352, 0.000234
19.560352, 0.000193
19.570353, 0.000190
19.580353, 0.000121
19.590353, 0.000093
19.600353, 0.000023
19.610353, 0.000004
19.620354, 0.000016
19.630354, -0.000002
19.640354, 0.000032
19.650354, 0.000027
19.660355, 0.000017
19.670355, 0.000035
19.680355, 0.000052
19.690355, 0.000122
19.700356, 0.000177
19.710356, 0.000270
19.720356, 0.000303
19.730356, 0.000392
19.740356, 0.000485
19.750357, 0.000579
19.760357, 0.000634
19.770357, 0.000733
19.780357, 0.000808
19.790358, 0.000913
19.800358, 0.001001
19.810358, 0.001111
19.820358, 0.001228
19.830359, 0.001286
19.840359, 0.001356
19.850359, 0.001483
19.860359, 0.001528
19.870359, 0.001661
19.880360, 0.001787
19.890360, 0.001875
19.900360, 0.001965
19.910360, 0.002106
19.920361, 0.002174
19.930361, 0.002224
19.940361, 0.002301
19.950361, 0.002351
19.960361, 0.002413
19.970362, 0.002500
19.980362, 0.002550
19.990362, 0.002604
20.000362, 0.002651
20.010363, 0.002662
20.020363, 0.002699
20.030363, 0.002702
20.040363, 0.002741
20.050364, 0.002749
20.060364, 0.002754
20.070364, 0.002774
20.080364, 0.002745
20.090364, 0.002719
20.100365, 0.002726
20.110365, 0.002669
20.120365, 0.002611
20.130365, 0.002585
20.140366, 0.002578
20.150366, 0.002536
20.160366, 0.002449
20.170366, 0.002374
20.180367, 0.002352
20.190367, 0.002294
20.200367, 0.002269
20.210367, 0.002223
20.220367, 0.002198
20.230368, 0.002151
20.240368, 0.002092
20.250368, 0.002028
20.260368, 0.001952
20.270369, 0.001875
20.280369, 0.001842
20.290369, 0.001758
20.300369, 0.001712
20.310369, 0.001644
20.320370, 0.001588
20.330370, 0.001540
20.340370, 0.001528
20.350370, 0.001453
20.360371, 0.001441
20.370371, 0.001375
20.380371, 0.001377
20.390371, 0.001359
20.400372, 0.001330
20.410372, 0.001274
20.420372, 0.001244
20.430372, 0.001211
20.440372, 0.001146
20.450373, 0.001105
20.460373, 0.001062
20.470373, 0.000998
20.480373, 0.000975
20.490374, 0.000969
20.500374, 0.000965
20.510374, 0.000949
20.520374, 0.000994
20.530375, 0.001001
20.540375, 0.001010
20.550375, 0.001056
20.560375, 0.001103
20.570375, 0.001102
20.580376, 0.001111
20.590376, 0.001144
20.600376, 0.001133
20.610376, 0.001178
20.620377, 0.001243
20.630377, 0.001256
20.640377, 0.001277
20.650377, 0.001344
20.660378, 0.001379
20.670378, 0.001449
20.680378, 0.001484
20.690378, 0.001478
20.700378, 0.001492
20.710379, 0.001557
20.720379, 0.001609
20.730379, 0.001625
20.740379, 0.001710
20.750380, 0.001745
20.760380, 0.001830
20.770380, 0.001882
20.780380, 0.001954
20.790380, 0.001971
20.800381, 0.002010
20.810381, 0.002072
20.820381, 0.002073
20.830381, 0.002096
20.840382, 0.002126
20.850382, 0.002095
20.860382, 0.002080
20.870382, 0.002107
20.880383, 0.002099
20.890383, 0.002067
20.900383, 0.002077
20.910383, 0.002076
20.920383, 0.002070
20.930384, 0.002041
20.940384, 0.002022
20.950384, 0.002023
20.960384, 0.002008
20.970385, 0.002037
20.980385, 0.002064
20.990385, 0.002022
21.000385, 0.001989
21.010386, 0.001958
21.020386, 0.001978
21.030386, 0.001960
21.040386, 0.001909
21.050386, 0.001860
21.060387, 0.001830
21.070387, 0.001840
21.080387, 0.001776
21.090387, 0.001755
21.100388, 0.001706
21.110388, 0.001655
21.120388, 0.001591
21.130388, 0.001573
21.140388, 0.001549
21.150389, 0.001552
21.160389, 0.001486
21.170389, 0.001512
21.180389, 0.001461
21.190390, 0.001449
21.200390, 0.001412
21.210390, 0.001344
21.220390, 0.001311
21.230391, 0.001278
21.240391, 0.001259
21.250391, 0.001240
21.260391, 0.001181
21.270391, 0.001148
21.280392, 0.001157
21.290392, 0.001146
21.300392, 0.001176
21.310392, 0.001161
21.320393, 0.001200
21.330393, 0.001216
21.340393, 0.001267
21.350393, 0.001293
21.360394, 0.001312
21.370394, 0.001329
21.380394, 0.001330
21.390394, 0.001377
21.400394, 0.001430
21.410395, 0.001468
21.420395, 0.001461
21.430395, 0.001459
21.440395, 0.001471
21.450396, 0.001487
21.460396, 0.001498
21.470396, 0.001493
21.480396, 0.001517
21.490396, 0.001545
21.500397, 0.001551
21.510397, 0.001580
21.520397, 0.001577
21.530397, 0.001602
21.540398, 0.001574
21.550398, 0.001597
21.560398, 0.001586
21.570398, 0.001619
21.580399, 0.001647
21.590399, 0.001641
21.600399, 0.001688
21.610399, 0.001719
21.620399, 0.001703
21.630400, 0.001727
21.640400, 0.001725
21.650400, 0.001753
21.660400, 0.001754
21.670401, 0.001768
21.680401, 0.001739
21.690401, 0.001750
21.700401, 0.001776
21.710402, 0.001811
21.720402, 0.001782
21.730402, 0.001790
21.740402, 0.001757
21.750402, 0.001726
21.760403, 0.001748
21.770403, 0.001783
21.780403, 0.001779
21.790403, 0.001819
21.800404, 0.001802
21.810404, 0.001769
21.820404, 0.001751
21.830404, 0.001663
21.840405, 0.001622
21.850405, 0.001640
21.860405, 0.001658
21.870405, 0.001608
21.880405, 0.001578
21.890406, 0.001561
21.900406, 0.001584
21.910406, 0.001545
21.920406, 0.001600
21.930407, 0.001616
21.940407, 0.001605
21.950407, 0.001571
21.960407, 0.001581
21.970407, 0.001607
21.980408, 0.001584
21.990408, 0.001584
22.000408, 0.001576
22.010408, 0.001605
22.020409, 0.001637
22.030409, 0.001678
22.040409, 0.001662
22.050409, 0.001642
22.060410, 0.001617
22.070410, 0.001632
22.080410, 0.001658
22.090410, 0.001655
22.100410, 0.001696
22.110411, 0.001715
22.120411, 0.001711
22.130411, 0.001709
22.140411, 0.001711
22.150412, 0.001713
22.160412, 0.001703
22.170412, 0.001727
22.180412, 0.001723
22.190413, 0.001725
22.200413, 0.001717
22.210413, 0.001708
22.220413, 0.001715
22.230413, 0.001705
22.240414, 0.001696
22.250414, 0.001684
22.260414, 0.001684
22.270414, 0.001673
22.280415, 0.001663
22.290415, 0.001632
22.300415, 0.001652
22.310415, 0.001655
22.320415, 0.001668
22.330416, 0.001685
22.340416, 0.001687
22.350416, 0.001680
22.360416, 0.001676
22.370417, 0.001671
22.380417, 0.001648
22.390417, 0.001645
22.400417, 0.001614
22.410418, 0.001614
22.420418, 0.001583
22.430418, 0.001581
22.440418, 0.001592
22.450418, 0.001598
22.460419, 0.001615
22.470419, 0.001586
22.480419, 0.001565
22.490419, 0.001567
22.500420, 0.001589
22.510420, 0.001572
22.520420, 0.001629
22.530420, 0.001647
22.540421, 0.001647
22.550421, 0.001602
22.560421, 0.001632
22.570421, 0.001683
22.580421, 0.001682
22.590422, 0.001690
22.600422, 0.001696
22.610422, 0.001669
22.620422, 0.001677
22.630423, 0.001694
22.640423, 0.001683
22.650423, 0.001711
22.660423, 0.001713
22.670424, 0.001735
22.680424, 0.001755
22.690424, 0.001796
22.700424, 0.001812
22.710424, 0.001820
22.720425, 0.001797
22.730425, 0.001807
22.740425, 0.001767
22.750425, 0.001780
22.760426, 0.001800
22.770426, 0.001787
22.780426, 0.001763
22.790426, 0.001728
22.800426, 0.001752
22.810427, 0.001746
22.820427, 0.001692
22.830427, 0.001671
22.840427, 0.001656
22.850428, 0.001651
22.860428, 0.001663
22.870428, 0.001676
22.880428, 0.001704
22.890429, 0.001696
22.900429, 0.001719
22.910429, 0.001732
22.920429, 0.001693
22.930429, 0.001679
22.940430, 0.001673
22.950430, 0.001698
22.960430, 0.001640
22.970430, 0.001629
22.980431, 0.001616
22.990431, 0.001621
23.000431, 0.001638
23.010431, 0.001620
23.020432, 0.001624
23.030432, 0.001619
23.040432, 0.001656
23.050432, 0.001654
23.060432, 0.001634
23.070433, 0.001672
23.080433, 0.001688
23.090433, 0.001664
23.100433, 0.001654
23.110434, 0.001618
23.120434, 0.001612
23.130434, 0.001617
23.140434, 0.001596
23.150434, 0.001619
23.160435, 0.001649
23.170435, 0.001624
23.180435, 0.001582
23.190435, 0.001548
23.200436, 0.001598
23.210436, 0.001592
23.220436, 0.001601
23.230436, 0.001592
23.240437, 0.001575
23.250437, 0.001564
23.260437, 0.001593
23.270437, 0.001630
23.280437, 0.001578
23.290438, 0.001601
23.300438, 0.001606
23.310438, 0.001652
23.320438, 0.001659
23.330439, 0.001630
23.340439, 0.001637
23.350439, 0.001629
23.360439, 0.001648
23.370440, 0.001627
23.380440, 0.001645
23.390440, 0.001623
23.400440, 0.001637
23.410440, 0.001649
23.420441, 0.001615
23.430441, 0.001629
23.440441, 0.001634
23.450441, 0.001659
23.460442, 0.001709
23.470442, 0.001736
23.480442, 0.001684
23.490442, 0.001686
23.500443, 0.001713
23.510443, 0.001711
23.520443, 0.001718
23.530443, 0.001681
23.540443, 0.001707
23.550444, 0.001675
23.560444, 0.001694
23.570444, 0.001646
23.580444, 0.001632
23.590445, 0.001655
23.600445, 0.001607
23.610445, 0.001590
23.620445, 0.001553
23.630445, 0.001536
23.640446, 0.001534
23.650446, 0.001535
23.660446, 0.001555
23.670446, 0.001597
23.680447, 0.001638
23.690447, 0.001586
23.700447, 0.001615
23.710447, 0.001611
23.720448, 0.001606
23.730448, 0.001597
23.740448, 0.001578
23.750448, 0.001585
23.760448, 0.001573
23.770449, 0.001561
23.780449, 0.001614
23.790449, 0.001633
23.800449, 0.001635
23.810450, 0.001637
23.820450, 0.001631
23.830450, 0.001623
23.840450, 0.001628
23.850451, 0.001606
23.860451, 0.001580
23.870451, 0.001593
23.880451, 0.001611
23.890451, 0.001619
23.900452, 0.001599
23.910452, 0.001623
23.920452, 0.001624
23.930452, 0.001618
23.940453, 0.001627
23.950453, 0.001633
23.960453, 0.001656
23.970453, 0.001660
23.980453, 0.001655
23.990454, 0.001690
24.000454, 0.001692
24.010454, 0.001713
24.020454, 0.001729
24.030455, 0.001715
24.040455, 0.001739
24.050455, 0.001714
24.060455, 0.001716
24.070456, 0.001711
24.080456, 0.001701
24.090456, 0.001666
24.100456, 0.001668
24.110456, 0.001694
24.120457, 0.001648
24.130457, 0.001660
24.140457, 0.001649
24.150457, 0.001654
24.160458, 0.001651
24.170458, 0.001634
24.180458, 0.001636
24.190458, 0.001638
24.200459, 0.001669
24.210459, 0.001687
24.220459, 0.001665
24.230459, 0.001684
24.240459, 0.001697
24.250460, 0.001703
24.260460, 0.001681
24.270460, 0.001645
24.280460, 0.001680
24.290461, 0.001689
24.300461, 0.001690
24.310461, 0.001695
24.320461, 0.001662
24.330462, 0.001719
24.340462, 0.001766
24.350462, 0.001758
24.360462, 0.001766
24.370462, 0.001807
24.380463, 0.001789
24.390463, 0.001783
24.400463, 0.001792
24.410463, 0.001749
24.420464, 0.001725
24.430464, 0.001730
24.440464, 0.001739
24.450464, 0.001774
24.460464, 0.001787
24.470465, 0.001803
24.480465, 0.001767
24.490465, 0.001787
24.500465, 0.001829
24.510466, 0.001741
24.520466, 0.001735
24.530466, 0.001725
24.540466, 0.001737
24.550467, 0.001716
24.560467, 0.001747
24.570467, 0.001763
24.580467, 0.001773
24.590467, 0.001778
24.600468, 0.001770
24.610468, 0.001819
24.620468, 0.001818
24.630468, 0.001842
24.640469, 0.001829
24.650469, 0.001817
24.660469, 0.001830
24.670469, 0.001814
24.680470, 0.001758
24.690470, 0.001741
24.700470, 0.001748
24.710470, 0.001731
24.720470, 0.001753
24.730471, 0.001753
24.740471, 0.001717
24.750471, 0.001740
24.760471, 0.001739
24.770472, 0.001738
24.780472, 0.001710
24.790472, 0.001689
24.800472, 0.001667
24.810472, 0.001669
24.820473, 0.001684
24.830473, 0.001671
24.840473, 0.001663
24.850473, 0.001662
24.860474, 0.001638
24.870474, 0.001645
24.880474, 0.001652
24.890474, 0.001588
24.900475, 0.001574
24.910475, 0.001539
24.920475, 0.001566
24.930475, 0.001570
24.940475, 0.001592
24.950476, 0.001572
24.960476, 0.001537
24.970476, 0.001589
24.980476, 0.001623
24.990477, 0.001609
25.000477, 0.001662
25.010477, 0.001684
25.020477, 0.001665
25.030478, 0.001672
25.040478, 0.001721
25.050478, 0.001717
25.060478, 0.001702
25.070478, 0.001693
25.080479, 0.001668
25.090479, 0.001647
25.100479, 0.001643
25.110479, 0.001623
25.120480, 0.001626
25.130480, 0.001612
25.140480, 0.001622
25.150480, 0.001635
25.160480, 0.001666
25.170481, 0.001648
25.180481, 0.001656
25.190481, 0.001662
25.200481, 0.001682
25.210482, 0.001664
25.220482, 0.001674
25.230482, 0.001701
25.240482, 0.001677
25.250483, 0.001670
25.260483, 0.001693
25.270483, 0.001654
25.280483, 0.001650
25.290483, 0.001658
25.300484, 0.001649
25.310484, 0.001620
25.320484, 0.001608
25.330484, 0.001570
25.340485, 0.001574
25.350485, 0.001562
25.360485, 0.001577
25.370485, 0.001619
25.380486, 0.001655
25.390486, 0.001669
25.400486, 0.001652
25.410486, 0.001693
25.420486, 0.001707
25.430487, 0.001671
25.440487, 0.001653
25.450487, 0.001641
25.460487, 0.001609
25.470488, 0.001622
25.480488, 0.001649
25.490488, 0.001673
25.500488, 0.001665
25.510489, 0.001708
25.520489, 0.001698
25.530489, 0.001688
25.540489, 0.001711
25.550489, 0.001705
25.560490, 0.001701
25.570490, 0.001699
25.580490, 0.001719
25.590490, 0.001712
25.600491, 0.001654
25.610491, 0.001676
25.620491, 0.001643
25.630491, 0.001637
25.640491, 0.001636
25.650492, 0.001682
25.660492, 0.001690
25.670492, 0.001674
25.680492, 0.001715
25.690493, 0.001731
25.700493, 0.001722
25.710493, 0.001756
25.720493, 0.001777
25.730494, 0.001784
25.740494, 0.001839
25.750494, 0.001828
25.760494, 0.001832
25.770494, 0.001859
25.780495, 0.001883
25.790495, 0.001921
25.800495, 0.001912
25.810495, 0.001921
25.820496, 0.001898
25.830496, 0.001896
25.840496, 0.001880
25.850496, 0.001830
25.860497, 0.001823
25.870497, 0.001848
25.880497, 0.001805
25.890497, 0.001776
25.900497, 0.001760
25.910498, 0.001764
25.920498, 0.001763
25.930498, 0.001756
25.940498, 0.001770
25.950499, 0.001760
25.960499, 0.001757
25.970499, 0.001748
25.980499, 0.001742
25.990499, 0.001753
26.000500, 0.001796
26.010500, 0.001798
26.020500, 0.001827
26.030500, 0.001797
26.040501, 0.001725
26.050501, 0.001703
26.060501, 0.001713
26.070501, 0.001673
26.080502, 0.001658
26.090502, 0.001583
26.100502, 0.001593
26.110502, 0.001577
26.120502, 0.001586
26.130503, 0.001605
26.140503, 0.001641
26.150503, 0.001648
26.160503, 0.001680
26.170504, 0.001712
26.180504, 0.001717
26.190504, 0.001721
26.200504, 0.001702
26.210505, 0.001704
26.220505, 0.001718
26.230505, 0.001728
26.240505, 0.001690
26.250505, 0.001656
26.260506, 0.001675
26.270506, 0.001713
26.280506, 0.001730
26.290506, 0.001706
26.300507, 0.001789
26.310507, 0.001765
26.320507, 0.001742
26.330507, 0.001770
26.340508, 0.001765
26.350508, 0.001801
26.360508, 0.001798
26.370508, 0.001819
26.380508, 0.001843
26.390509, 0.001853
26.400509, 0.001819
26.410509, 0.001787
26.420509, 0.001768
26.430510, 0.001744
26.440510, 0.001711
26.450510, 0.001698
26.460510, 0.001711
26.470510, 0.001720
26.480511, 0.001691
26.490511, 0.001674
26.500511, 0.001661
26.510511, 0.001621
26.520512, 0.001624
26.530512, 0.001625
26.540512, 0.001617
26.550512, 0.001582
26.560513, 0.001583
26.570513, 0.001605
26.580513, 0.001619
26.590513, 0.001630
26.600513, 0.001634
26.610514, 0.001665
26.620514, 0.001642
26.630514, 0.001659
26.640514, 0.001648
26.650515, 0.001623
26.660515, 0.001683
26.670515, 0.001671
26.680515, 0.001686
26.690516, 0.001662
26.700516, 0.001678
26.710516, 0.001625
26.720516, 0.001650
26.730516, 0.001564
26.740517, 0.001578
26.750517, 0.001541
26.760517, 0.001577
26.770517, 0.001528
26.780518, 0.001476
26.790518, 0.001504
26.800518, 0.001479
26.810518, 0.001512
26.820518, 0.001536
26.830519, 0.001548
26.840519, 0.001510
26.850519, 0.001516
26.860519, 0.001480
26.870520, 0.001492
26.880520, 0.001500
26.890520, 0.001474
26.900520, 0.001436
26.910521, 0.001429
26.920521, 0.001434
26.930521, 0.001449
26.940521, 0.001468
26.950521, 0.001476
26.960522, 0.001477
26.970522, 0.001508
26.980522, 0.001519
26.990522, 0.001497
27.000523, 0.001475
27.010523, 0.001486
27.020523, 0.001500
27.030523, 0.001531
27.040524, 0.001545
27.050524, 0.001586
27.060524, 0.001583
27.070524, 0.001591
27.080524, 0.001608
27.090525, 0.001585
27.100525, 0.001566
27.110525, 0.001549
27.120525, 0.001546
27.130526, 0.001559
27.140526, 0.001596
27.150526, 0.001597
27.160526, 0.001568
27.170527, 0.001561
27.180527, 0.001597
27.190527, 0.001586
27.200527, 0.001617
27.210527, 0.001655
27.220528, 0.001679
27.230528, 0.001632
27.240528, 0.001663
27.250528, 0.001678
27.260529, 0.001694
27.270529, 0.001678
27.280529, 0.001667
27.290529, 0.001674
27.300529, 0.001640
27.310530, 0.001625
27.320530, 0.001664
27.330530, 0.001662
27.340530, 0.001693
27.350531, 0.001729
27.360531, 0.001765
27.370531, 0.001752
27.380531, 0.001742
27.390532, 0.001696
27.400532, 0.001693
27.410532, 0.001713
27.420532, 0.001718
27.430532, 0.001704
27.440533, 0.001725
27.450533, 0.001714
27.460533, 0.001737
27.470533, 0.001716
27.480534, 0.001708
27.490534, 0.001753
27.500534, 0.001723
27.510534, 0.001761
27.520535, 0.001785
27.530535, 0.001749
27.540535, 0.001773
27.550535, 0.001789
27.560535, 0.001810
27.570536, 0.001815
27.580536, 0.001762
27.590536, 0.001753
27.600536, 0.001781
27.610537, 0.001787
27.620537, 0.001787
27.630537, 0.001758
27.640537, 0.001756
27.650537, 0.001775
27.660538, 0.001729
27.670538, 0.001695
27.680538, 0.001708
27.690538, 0.001696
27.700539, 0.001738
27.710539, 0.001711
27.720539, 0.001723
27.730539, 0.001681
27.740540, 0.001667
27.750540, 0.001691
27.760540, 0.001687
27.770540, 0.001687
27.780540, 0.001679
27.790541, 0.001697
27.800541, 0.001716
27.810541, 0.001709
27.820541, 0.001717
27.830542, 0.001721
27.840542, 0.001712
27.850542, 0.001714
27.860542, 0.001724
27.870543, 0.001738
27.880543, 0.001717
27.890543, 0.001784
27.900543, 0.001738
27.910543, 0.001715
27.920544, 0.001724
27.930544, 0.001759
27.940544, 0.001731
27.950544, 0.001733
27.960545, 0.001672
27.970545, 0.001676
27.980545, 0.001683
27.990545, 0.001641
28.000546, 0.001660
28.010546, 0.001663
28.020546, 0.001634
28.030546, 0.001644
28.040546, 0.001638
28.050547, 0.001659
28.060547, 0.001698
28.070547, 0.001688
28.080547, 0.001698
28.090548, 0.001726
28.100548, 0.001747
28.110548, 0.001709
28.120548, 0.001719
28.130548, 0.001721
28.140549, 0.001683
28.150549, 0.001667
28.160549, 0.001667
28.170549, 0.001665
28.180550, 0.001631
28.190550, 0.001653
28.200550, 0.001667
28.210550, 0.001651
28.220551, 0.001660
28.230551, 0.001674
28.240551, 0.001661
28.250551, 0.001640
28.260551, 0.001631
28.270552, 0.001598
28.280552, 0.001617
28.290552, 0.001626
28.300552, 0.001670
28.310553, 0.001744
28.320553, 0.001726
28.330553, 0.001728
28.340553, 0.001736
28.350554, 0.001762
28.360554, 0.001783
28.370554, 0.001739
28.380554, 0.001729
28.390554, 0.001729
28.400555, 0.001736
28.410555, 0.001702
28.420555, 0.001677
28.430555, 0.001711
28.440556, 0.001700
28.450556, 0.001713
28.460556, 0.001738
28.470556, 0.001755
28.480556, 0.001759
28.490557, 0.001764
28.500557, 0.001793
28.510557, 0.001803
28.520557, 0.001808
28.530558, 0.001799
28.540558, 0.001833
28.550558, 0.001852
28.560558, 0.001805
28.570559, 0.001831
28.580559, 0.001831
28.590559, 0.001800
28.600559, 0.001787
28.610559, 0.001807
28.620560, 0.001832
28.630560, 0.001846
28.640560, 0.001808
28.650560, 0.001853
28.660561, 0.001832
28.670561, 0.001863
28.680561, 0.001828
28.690561, 0.001812
28.700562, 0.001817
28.710562, 0.001860
28.720562, 0.001873
28.730562, 0.001877
28.740562, 0.001866
28.750563, 0.001893
28.760563, 0.001885
28.770563, 0.001846
28.780563, 0.001890
28.790564, 0.001914
28.800564, 0.001902
28.810564, 0.001895
28.820564, 0.001883
28.830564, 0.001861
28.840565, 0.001891
28.850565, 0.001876
28.860565, 0.001843
28.870565, 0.001845
28.880566, 0.001863
28.890566, 0.001878
28.900566, 0.001874
28.910566, 0.001893
28.920567, 0.001910
28.930567, 0.001910
28.940567, 0.001850
28.950567, 0.001865
28.960567, 0.001861
28.970568, 0.001872
28.980568, 0.001880
28.990568, 0.001878
29.000568, 0.001879
29.010569, 0.001891
29.020569, 0.001886
29.030569, 0.001883
29.040569, 0.001902
29.050570, 0.001912
29.060570, 0.001901
29.070570, 0.001919
29.080570, 0.001890
29.090570, 0.001880
29.100571, 0.001885
29.110571, 0.001892
29.120571, 0.001875
29.130571, 0.001892
29.140572, 0.001948
29.150572, 0.001970
29.160572, 0.001995
29.170572, 0.002000
29.180573, 0.001982
29.190573, 0.002043
29.200573, 0.002031
29.210573, 0.001977
29.220573, 0.001990
29.230574, 0.001963
29.240574, 0.001964
29.250574, 0.001984
29.260574, 0.001956
29.270575, 0.001922
29.280575, 0.001945
29.290575, 0.001915
29.300575, 0.001895
29.310575, 0.001886
29.320576, 0.001907
29.330576, 0.001920
29.340576, 0.001930
29.350576, 0.001951
29.360577, 0.001961
29.370577, 0.001978
29.380577, 0.001967
29.390577, 0.001921
29.400578, 0.001904
29.410578, 0.001905
29.420578, 0.001931
29.430578, 0.001925
29.440578, 0.001957
29.450579, 0.001991
29.460579, 0.001987
29.470579, 0.002003
29.480579, 0.001982
29.490580, 0.002001
29.500580, 0.001974
29.510580, 0.001969
29.520580, 0.001932
29.530581, 0.001881
29.540581, 0.001908
29.550581, 0.001909
29.560581, 0.001921
29.570581, 0.001946
29.580582, 0.001933
29.590582, 0.001943
29.600582, 0.001965
29.610582, 0.001941
29.620583, 0.001914
29.630583, 0.001957
29.640583, 0.001926
29.650583, 0.001947
29.660583, 0.001955
29.670584, 0.001978
29.680584, 0.001960
29.690584, 0.001951
29.700584, 0.001930
29.710585, 0.001934
29.720585, 0.001968
29.730585, 0.001980
29.740585, 0.001976
29.750586, 0.001991
29.760586, 0.002013
29.770586, 0.001991
29.780586, 0.001973
29.790586, 0.001985
29.800587, 0.001975
29.810587, 0.001974
29.820587, 0.001963
29.830587, 0.001952
29.840588, 0.001980
29.850588, 0.001953
29.860588, 0.001932
29.870588, 0.001927
29.880589, 0.001924
29.890589, 0.001882
29.900589, 0.001893
29.910589, 0.001910
29.920589, 0.001865
29.930590, 0.001817
29.940590, 0.001814
29.950590, 0.001807
29.960590, 0.001859
29.970591, 0.001820
29.980591, 0.001811
29.990591, 0.001872
30.000591, 0.001839
30.010592, 0.001836
30.020592, 0.001837
30.030592, 0.001830
30.040592, 0.001848
30.050592, 0.001872
30.060593, 0.001823
30.070593, 0.001848
30.080593, 0.001817
30.090593, 0.001805
30.100594, 0.001740
30.110594, 0.001737
30.120594, 0.001720
30.130594, 0.001746
30.140594, 0.001757
30.150595, 0.001741
30.160595, 0.001704
30.170595, 0.001661
30.180595, 0.001675
30.190596, 0.001663
30.200596, 0.001661
30.210596, 0.001683
30.220596, 0.001702
30.230597, 0.001703
30.240597, 0.001704
30.250597, 0.001725
30.260597, 0.001711
30.270597, 0.001701
30.280598, 0.001703
30.290598, 0.001685
30.300598, 0.001661
30.310598, 0.001648
30.320599, 0.001658
30.330599, 0.001681
30.340599, 0.001703
30.350599, 0.001723
30.360600, 0.001746
30.370600, 0.001758
30.380600, 0.001712
30.390600, 0.001703
30.400600, 0.001720
30.410601, 0.001731
30.420601, 0.001732
30.430601, 0.001761
30.440601, 0.001718
30.450602, 0.001717
30.460602, 0.001679
30.470602, 0.001633
30.480602, 0.001661
30.490602, 0.001642
30.500603, 0.001656
30.510603, 0.001687
30.520603, 0.001662
30.530603, 0.001642
30.540604, 0.001626
30.550604, 0.001637
30.560604, 0.001663
30.570604, 0.001657
30.580605, 0.001633
30.590605, 0.001665
30.600605, 0.001635
30.610605, 0.001598
30.620605, 0.001604
30.630606, 0.001622
30.640606, 0.001626
30.650606, 0.001645
30.660606, 0.001636
30.670607, 0.001655
30.680607, 0.001692
30.690607, 0.001680
30.700607, 0.001690
30.710608, 0.001712
30.720608, 0.001723
30.730608, 0.001735
30.740608, 0.001746
30.750608, 0.001765
30.760609, 0.001753
30.770609, 0.001740
30.780609, 0.001787
30.790609, 0.001778
30.800610, 0.001798
30.810610, 0.001738
30.820610, 0.001704
30.830610, 0.001745
30.840611, 0.001797
30.850611, 0.001830
30.860611, 0.001848
30.870611, 0.001875
30.880611, 0.001917
30.890612, 0.001902
30.900612, 0.001903
30.910612, 0.001901
30.920612, 0.001945
30.930613, 0.001967
30.940613, 0.001958
30.950613, 0.001930
30.960613, 0.001915
30.970613, 0.001884
30.980614, 0.001905
30.990614, 0.001888
31.000614, 0.001861
31.010614, 0.001854
31.020615, 0.001876
31.030615, 0.001910
31.040615, 0.001897
31.050615, 0.001918
31.060616, 0.001874
31.070616, 0.001852
31.080616, 0.001843
31.090616, 0.001875
31.100616, 0.001897
31.110617, 0.001884
31.120617, 0.001854
31.130617, 0.001859
31.140617, 0.001842
31.150618, 0.001848
31.160618, 0.001817
31.170618, 0.001842
31.180618, 0.001857
31.190619, 0.001863
31.200619, 0.001849
31.210619, 0.001854
31.220619, 0.001806
31.230619, 0.001827
31.240620, 0.001814
31.250620, 0.001833
31.260620, 0.001848
31.270620, 0.001882
31.280621, 0.001890
31.290621, 0.001959
31.300621, 0.001973
31.310621, 0.001975
31.320621, 0.001983
31.330622, 0.001959
31.340622, 0.001963
31.350622, 0.001968
31.360622, 0.001955
31.370623, 0.001917
31.380623, 0.001904
31.390623, 0.001891
31.400623, 0.001846
31.410624, 0.001844
31.420624, 0.001818
31.430624, 0.001864
31.440624, 0.001864
31.450624, 0.001857
31.460625, 0.001846
31.470625, 0.001861
31.480625, 0.001865
31.490625, 0.001896
31.500626, 0.001861
31.510626, 0.001895
31.520626, 0.001924
31.530626, 0.001944
31.540627, 0.001950
31.550627, 0.001957
31.560627, 0.001979
31.570627, 0.001946
31.580627, 0.001896
31.590628, 0.001909
31.600628, 0.001921
31.610628, 0.001926
31.620628, 0.001903
31.630629, 0.001911
31.640629, 0.001911
31.650629, 0.001869
31.660629, 0.001865
31.670630, 0.001877
31.680630, 0.001881
31.690630, 0.001901
31.700630, 0.001861
31.710630, 0.001897
31.720631, 0.001910
31.730631, 0.001893
31.740631, 0.001908
31.750631, 0.001887
31.760632, 0.001882
31.770632, 0.001896
31.780632, 0.001906
31.790632, 0.001900
31.800632, 0.001890
31.810633, 0.001866
31.820633, 0.001897
31.830633, 0.001886
31.840633, 0.001866
31.850634, 0.001846
31.860634, 0.001839
31.870634, 0.001835
31.880634, 0.001845
31.890635, 0.001852
31.900635, 0.001875
31.910635, 0.001913
31.920635, 0.001906
31.930635, 0.001946
31.940636, 0.001944
31.950636, 0.001904
31.960636, 0.001880
31.970636, 0.001891
31.980637, 0.001921
31.990637, 0.001948
32.000637, 0.001910
32.010635, 0.001893
32.020634, 0.001883
32.030632, 0.001878
32.040630, 0.001849
32.050629, 0.001853
32.060627, 0.001835
32.070625, 0.001818
32.080624, 0.001817
32.090622, 0.001835
32.100620, 0.001849
32.110619, 0.001867
32.120617, 0.001904
32.130615, 0.001873
32.140614, 0.001851
32.150612, 0.001891
32.160610, 0.001861
32.170609, 0.001844
32.180607, 0.001872
32.190605, 0.001885
32.200603, 0.001852
32.210602, 0.001836
32.220600, 0.001823
32.230598, 0.001823
32.240597, 0.001839
32.250595, 0.001828
32.260593, 0.001837
32.270592, 0.001844
32.280590, 0.001815
32.290588, 0.001826
32.300587, 0.001845
32.310585, 0.001830
32.320583, 0.001844
32.330582, 0.001851
32.340580, 0.001827
32.350578, 0.001829
32.360577, 0.001829
32.370575, 0.001841
32.380573, 0.001829
32.390572, 0.001814
32.400570, 0.001794
32.410568, 0.001774
32.420567, 0.001776
32.430565, 0.001787
32.440563, 0.001795
32.450562, 0.001826
32.460560, 0.001854
32.470558, 0.001897
32.480556, 0.001859
32.490555, 0.001847
32.500553, 0.001876
32.510551, 0.001838
32.520550, 0.001808
32.530548, 0.001805
32.540546, 0.001826
32.550545, 0.001831
32.560543, 0.001843
32.570541, 0.001816
32.580540, 0.001808
32.590538, 0.001744
32.600536, 0.001775
32.610535, 0.001765
32.620533, 0.001765
32.630531, 0.001746
32.640530, 0.001732
32.650528, 0.001742
32.660526, 0.001739
32.670525, 0.001740
32.680523, 0.001741
32.690521, 0.001790
32.700520, 0.001792
32.710518, 0.001750
32.720516, 0.001717
32.730515, 0.001662
32.740513, 0.001634
32.750511, 0.001650
32.760509, 0.001648
32.770508, 0.001614
32.780506, 0.001620
32.790504, 0.001595
32.800503, 0.001627
32.810501, 0.001599
32.820499, 0.001532
32.830498, 0.001565
32.840496, 0.001554
32.850494, 0.001555
32.860493, 0.001553
32.870491, 0.001578
32.880489, 0.001579
32.890488, 0.001623
32.900486, 0.001594
32.910484, 0.001605
32.920483, 0.001578
32.930481, 0.001593
32.940479, 0.001597
32.950478, 0.001607
32.960476, 0.001670
32.970474, 0.001679
32.980473, 0.001696
32.990471, 0.001707
33.000469, 0.001658
33.010468, 0.001570
33.020466, 0.001603
33.030464, 0.001603
33.040462, 0.001612
33.050461, 0.001643
33.060459, 0.001618
33.070457, 0.001586
33.080456, 0.001570
33.090454, 0.001543
33.100452, 0.001504
33.110451, 0.001504
33.120449, 0.001495
33.130447, 0.001468
33.140446, 0.001468
33.150444, 0.001421
33.160442, 0.001453
33.170441, 0.001431
33.180439, 0.001470
33.190437, 0.001489
33.200436, 0.001479
33.210434, 0.001443
33.220432, 0.001432
33.230431, 0.001398
33.240429, 0.001390
33.250427, 0.001419
33.260426, 0.001450
33.270424, 0.001496
33.280422, 0.001503
33.290421, 0.001498
33.300419, 0.001513
33.310417, 0.001520
33.320415, 0.001487
33.330414, 0.001478
33.340412, 0.001453
33.350410, 0.001428
33.360409, 0.001438
33.370407, 0.001407
33.380405, 0.001380
33.390404, 0.001370
33.400402, 0.001375
33.410400, 0.001353
33.420399, 0.001312
33.430397, 0.001292
33.440395, 0.001307
33.450394, 0.001296
33.460392, 0.001297
33.470390, 0.001305
33.480389, 0.001342
33.490387, 0.001335
33.500385, 0.001338
33.510384, 0.001317
33.520382, 0.001304
33.530380, 0.001222
33.540379, 0.001230
33.550377, 0.001217
33.560375, 0.001210
33.570374, 0.001172
33.580372, 0.001225
33.590370, 0.001275
33.600368, 0.001280
33.610367, 0.001263
33.620365, 0.001278
33.630363, 0.001302
33.640362, 0.001306
33.650360, 0.001324
33.660358, 0.001300
33.670357, 0.001289
33.680355, 0.001314
33.690353, 0.001329
33.700352, 0.001315
33.710350, 0.001360
33.720348, 0.001317
33.730347, 0.001289
33.740345, 0.001297
33.750343, 0.001301
33.760342, 0.001272
33.770340, 0.001311
33.780338, 0.001358
33.790337, 0.001391
33.800335, 0.001383
33.810333, 0.001344
33.820332, 0.001324
33.830330, 0.001329
33.840328, 0.001346
33.850327, 0.001349
33.860325, 0.001411
33.870323, 0.001387
33.880322, 0.001362
33.890320, 0.001333
33.900318, 0.001274
33.910316, 0.001238
33.920315, 0.001259
33.930313, 0.001264
33.940311, 0.001288
33.950310, 0.001261
33.960308, 0.001239
33.970306, 0.001240
33.980305, 0.001280
33.990303, 0.001289
34.000301, 0.001329
34.010300, 0.001330
34.020298, 0.001331
34.030296, 0.001263
34.040295, 0.001227
34.050293, 0.001214
34.060291, 0.001206
34.070290, 0.001187
34.080288, 0.001155
34.090286, 0.001158
34.100285, 0.001172
34.110283, 0.001170
34.120281, 0.001190
34.130280, 0.001204
34.140278, 0.001188
34.150276, 0.001152
34.160275, 0.001115
34.170273, 0.001083
34.180271, 0.001082
34.190269, 0.001090
34.200268, 0.001129
34.210266, 0.001174
34.220264, 0.001198
34.230263, 0.001214
34.240261, 0.001247
34.250259, 0.001220
34.260258, 0.001218
34.270256, 0.001181
34.280254, 0.001174
34.290253, 0.001143
34.300251, 0.001148
34.310249, 0.001144
34.320248, 0.001132
34.330246, 0.001136
34.340244, 0.001131
34.350243, 0.001150
34.360241, 0.001162
34.370239, 0.001162
34.380238, 0.001212
34.390236, 0.001218
34.400234, 0.001222
34.410233, 0.001232
34.420231, 0.001196
34.430229, 0.001229
34.440228, 0.001225
34.450226, 0.001206
34.460224, 0.001211
34.470222, 0.001228
34.480221, 0.001235
34.490219, 0.001224
34.500217, 0.001216
34.510216, 0.001229
34.520214, 0.001248
34.530212, 0.001287
34.540211, 0.001263
34.550209, 0.001297
34.560207, 0.001322
34.570206, 0.001383
34.580204, 0.001380
34.590202, 0.001364
34.600201, 0.001383
34.610199, 0.001345
34.620197, 0.001243
34.630196, 0.001216
34.640194, 0.001234
34.650192, 0.001252
34.660191, 0.001249
34.670189, 0.001254
34.680187, 0.001281
34.690186, 0.001264
34.700184, 0.001236
34.710182, 0.001251
34.720181, 0.001258
34.730179, 0.001218
34.740177, 0.001240
34.750175, 0.001248
34.760174, 0.001253
34.770172, 0.001231
34.780170, 0.001228
34.790169, 0.001263
34.800167, 0.001240
34.810165, 0.001249
34.820164, 0.001198
34.830162, 0.001231
34.840160, 0.001237
34.850159, 0.001206
34.860157, 0.001205
34.870155, 0.001175
34.880154, 0.001192
34.890152, 0.001220
34.900150, 0.001235
34.910149, 0.001182
34.920147, 0.001213
34.930145, 0.001191
34.940144, 0.001187
34.950142, 0.001203
34.960140, 0.001233
34.970139, 0.001239
34.980137, 0.001235
34.990135, 0.001234
