t, ur
0.000000, 0.681763
0.020000, 0.169922
0.030000, -0.341309
0.040000, -0.340820
0.050000, 0.170654
0.060000, -0.341919
0.070000, -0.851440
0.080000, 0.170410
0.090000, 0.170654
0.100000, -0.339966
0.110000, -0.341064
0.120000, -0.340576
0.130000, -0.340576
0.140000, -0.340576
0.150000, -0.339966
0.160000, -0.341309
0.170000, 0.169434
0.180000, -0.341064
0.190000, -0.340820
0.200000, -0.341064
0.210000, -0.340576
0.220000, -0.340820
0.230000, -0.341309
0.240000, -0.340576
0.250000, -0.340332
0.260000, 0.170410
0.270000, -0.340820
0.280000, 0.170410
0.300000, -0.340576
0.310000, -0.340576
0.320000, 0.170166
0.330000, 0.169678
0.340000, 0.681030
0.350000, 0.170654
0.360000, 0.681274
0.370000, -0.341553
0.380000, 0.170166
0.390000, -0.340820
0.400000, 1.192383
0.410000, 0.169922
0.420000, 0.170410
0.430000, 0.170654
0.440000, -0.340820
0.450000, 0.170166
0.460000, 0.169922
0.470000, 0.170410
0.480000, 0.171021
0.490000, 0.169678
0.500000, 0.169922
0.510000, -0.340820
0.520000, 0.170654
0.530000, 0.170166
0.540000, 0.681274
0.550000, -0.340576
0.560000, 0.681763
0.570000, -0.341309
0.580000, 0.681274
0.590000, 0.169922
0.600000, 0.171021
0.610000, 0.170166
0.620000, 0.680786
0.630000, -0.851929
0.640000, 0.682129
0.650000, -0.340576
0.660000, 0.681519
0.670000, 0.170410
0.680000, 0.681763
0.690000, 0.170166
0.700000, 0.681274
0.710000, 0.170166
0.720000, 0.170166
0.730000, 0.169922
0.740000, 0.170166
0.750000, 0.170410
0.760000, 0.681274
0.770000, 0.681030
0.780000, 0.681274
0.790000, 0.681519
0.800000, 0.680786
0.810000, 0.681274
0.820000, 0.681274
0.830000, 0.170654
0.839999, 0.681763
0.849999, 0.170166
0.859999, 0.681763
0.869999, 0.170166
0.879999, -0.340332
0.889999, -0.339966
0.899999, 1.192871
0.909999, 0.169678
0.919999, -0.340576
0.929999, -0.340576
0.939999, 0.170166
0.949999, 0.169922
0.959999, 0.169922
0.969999, 0.169922
0.979999, 0.170166
0.989999, 0.681030
0.999999, 0.681030
1.009999, -0.340576
1.019999, 0.681519
1.029999, 0.170410
1.039999, 1.193237
1.049999, 0.170166
1.059999, 1.192383
1.069999, 0.170410
1.079999, -0.340820
1.089999, 0.681519
1.099999, 0.681519
1.109999, 0.170410
1.119999, 0.682617
1.129999, 0.170166
1.139999, 0.681274
1.149999, -0.340820
1.159999, -0.340576
1.169999, 0.170166
1.179999, 0.681763
1.189999, 0.170654
1.199999, 0.171265
1.209999, 0.170410
1.219999, 0.681519
1.229999, 0.681519
1.239999, 0.681030
1.249999, 0.170166
1.259999, 0.681763
1.269999, 0.170166
1.279999, 0.681274
1.289999, 0.680786
1.299999, 0.680786
1.309999, 0.169922
1.319999, 0.170166
1.329999, 0.170166
1.339999, 1.193481
1.349999, 0.170166
1.359999, 1.192871
1.369999, -0.340576
1.379999, 1.193237
1.389999, 0.681030
1.399999, 0.170166
1.409999, -0.340820
1.419999, 0.170410
1.429999, -0.340820
1.439999, 0.681274
1.449999, 0.681274
1.459999, -0.340332
1.469999, 0.171021
1.479999, 0.170654
1.489999, 0.170654
1.499999, 0.681519
1.509999, 0.170166
1.519999, 0.170654
1.529999, -0.851440
1.539999, 0.170410
1.549999, 0.170166
1.559999, -0.341309
1.569999, 0.681274
1.579999, 0.681519
1.589999, 0.170166
1.599999, 0.681274
1.609999, 0.170166
1.619999, 0.169922
1.629999, 0.169922
1.639999, 0.170654
1.649999, 0.170166
1.659999, 0.681274
1.669999, -0.340332
1.679999, 0.681763
1.689999, 0.170410
1.699999, 0.680786
1.709999, 0.170410
1.719999, 0.682129
1.729999, -0.340820
1.739999, 0.170166
1.749999, -0.340820
1.759999, 0.680786
1.769999, 0.170166
1.779999, 0.170410
1.789999, 0.170410
1.799999, -0.340332
1.809999, 0.170410
1.819999, 0.681519
1.829999, 0.681274
1.839999, 0.681519
1.849999, 0.681763
1.859999, 0.169922
1.869999, 0.171021
1.879999, 0.681763
1.889999, -0.341064
1.899999, 1.192627
1.909999, -0.339722
1.919999, 0.681763
1.929999, 0.682373
1.939999, 0.170410
1.949998, 0.170410
1.959998, 0.169922
1.969998, -0.341064
1.979998, 0.169922
1.989998, 0.681763
1.999998, 0.170166
2.009999, -0.341064
2.019999, 0.681763
2.029999, 0.170410
2.039999, 0.681763
2.049999, -0.341064
2.059999, 0.170166
2.069999, 0.681274
2.079998, 1.192627
2.089998, 0.169678
2.099998, 0.681274
2.109998, 0.170410
2.119998, 0.170410
2.129998, 0.170410
2.139998, 0.681763
2.149998, 0.170166
2.159998, 0.681030
2.169998, 0.170654
2.179998, -0.851440
2.189998, 0.171509
2.199998, -0.851929
2.209998, 0.169678
2.219998, 0.170410
2.229998, 0.171265
2.239998, 0.170410
2.249998, 0.681274
2.259998, -0.851685
2.269998, -0.340332
2.279998, -0.851074
2.289998, -0.340576
2.299998, 0.681274
2.309998, 0.170654
2.319998, 0.170654
2.329998, 0.170410
2.339998, 0.681763
2.349998, 0.169922
2.359998, 0.681274
2.369998, 0.170410
2.379998, 0.682129
2.389998, 0.170410
2.399998, 0.170410
2.409998, -0.339966
2.419998, -0.340576
2.429998, 0.170410
2.439998, 0.682129
2.449998, -0.340820
2.459998, 0.170166
2.469998, 0.169922
2.479998, 0.170410
2.489998, 0.680542
2.499998, 0.169922
2.509998, 0.169922
2.519998, 0.170410
2.529998, 0.170166
2.539998, 0.681519
2.549998, 0.681030
2.559998, 0.169922
2.569998, 0.170166
2.579998, 0.681274
2.589998, 0.681519
2.599998, 0.681030
2.609998, 0.170654
2.619998, 0.681519
2.629998, 0.170166
2.639998, 0.681519
2.649998, 0.170166
2.659998, 0.169922
2.669998, 0.170166
2.679998, 1.192871
2.689998, -0.341064
2.699998, 0.680786
2.709998, -0.340576
2.719998, 0.170654
2.729998, 0.170166
2.739998, 0.680786
2.749998, -0.340332
2.759998, 0.169922
2.769998, 0.170654
2.779998, 0.170166
2.789998, 0.170410
2.799998, 0.170410
2.809998, 0.170654
2.819998, 0.681030
2.829998, 0.170654
2.839998, 0.170166
2.849998, 0.681519
2.859998, 0.681274
2.869998, 0.170166
2.879998, 0.681274
2.889998, 0.170410
2.899998, 0.681519
2.909998, 0.681519
2.919998, 0.681763
2.929998, 1.192139
2.939998, 0.170166
2.949998, 0.680786
2.959998, 0.680786
2.969998, -0.340332
2.979998, 0.681030
2.989998, 0.169922
2.999998, 0.169922
3.009998, 0.170166
3.019998, 0.170410
3.029998, -0.340820
3.039998, -0.340576
3.049998, 0.170166
3.059998, 0.681519
3.069998, 0.170654
3.079998, 0.170654
3.089998, 0.170166
3.099998, 0.681030
3.109998, -0.340820
3.119998, 0.681519
3.129997, 0.170410
3.139997, 0.681030
3.149997, 0.170410
3.159997, 0.170410
3.169997, 0.682373
3.179997, 0.681519
3.189997, 0.170166
3.199997, 0.681763
3.209997, 0.170166
3.219997, 0.682129
3.229997, 0.681274
3.239997, 0.170654
3.249997, 0.170654
3.259997, 0.681274
3.269997, 0.170166
3.279997, 0.170166
3.289997, 0.170654
3.299997, 0.681519
3.309997, 0.170654
3.319997, 0.681763
3.329997, 0.170166
3.339997, 0.681519
3.349997, 0.170654
3.359997, 0.681763
3.369997, -0.339966
3.379997, 0.170410
3.389997, 0.681763
3.399997, 0.681274
3.409997, 0.170166
3.419997, 0.170654
3.429997, 0.171021
3.439997, 0.170166
3.449997, 0.170166
3.459997, 0.170410
3.469997, 0.169434
3.479997, 0.680542
3.489997, -0.342651
3.499997, 0.166992
3.509997, 0.642944
3.519997, 0.086060
3.529997, 0.457153
3.539997, 0.396973
3.549997, -0.364014
3.559997, -0.448486
3.569997, -0.653076
3.579997, 0.299316
3.589997, -0.929199
3.599997, -0.985596
3.609997, -1.725708
3.619997, -0.788086
3.629997, -1.496948
3.639997, -1.073120
3.649997, -2.284180
3.659997, -1.821899
3.669997, -1.508301
3.679997, -2.067017
3.689997, -2.746338
3.699997, -1.283325
3.709997, -2.465576
3.719997, -2.501221
3.729997, -2.666260
3.739997, -2.186279
3.749997, -2.815308
3.759997, -2.844360
3.769997, -2.947876
3.779997, -2.469238
3.789997, -3.064453
3.799997, -3.082520
3.809997, -2.639648
3.819997, -2.652588
3.829997, -3.204468
3.839997, -2.188354
3.849997, -2.709595
3.859997, -2.705078
3.869997, -3.201782
3.879997, -3.191162
3.889997, -3.143799
3.899997, -2.101562
3.909997, -3.565308
3.919997, -1.998535
3.929997, -2.913818
3.939997, -2.351807
3.949997, -2.686523
3.959997, -2.651367
3.969997, -2.483643
3.979997, -1.895386
3.989997, -1.697021
3.999997, -2.159424
4.009997, -1.912109
4.019997, -1.347534
4.029997, -1.616455
4.039998, -1.522949
4.049998, -1.260498
4.059998, -1.166016
4.069998, -0.887085
4.079998, -0.309204
4.089999, -0.541626
4.099999, 0.037354
4.109999, -0.703613
4.119999, 0.387695
4.130000, 0.192505
4.140000, 0.770508
4.150000, 0.010254
4.160000, 1.633423
4.170001, 0.841431
4.180001, 0.896362
4.190001, 0.597534
4.200001, 1.202393
4.210001, 0.851196
4.220002, 1.416382
4.230002, 1.600342
4.240002, 2.163086
4.250002, 1.819214
4.260003, 2.372314
4.270003, 1.475342
4.280003, 2.024170
4.290003, 2.671021
4.300004, 2.203003
4.310004, 1.813354
4.320004, 2.877563
4.330004, 2.461182
4.340004, 2.487305
4.350005, 3.080933
4.360005, 3.098755
4.370005, 2.146362
4.380005, 3.184204
4.390006, 2.724731
4.400006, 3.247559
4.410006, 2.260254
4.420006, 3.290161
4.430007, 2.793701
4.440007, 3.305298
4.450007, 2.788818
4.460007, 3.296509
4.470007, 2.766235
4.480008, 2.752686
4.490008, 2.714844
4.500008, 3.207031
4.510008, 2.638184
4.520009, 3.132812
4.530009, 3.059570
4.540009, 2.525391
4.550009, 2.434570
4.560009, 2.397827
4.570010, 1.780151
4.580010, 2.759644
4.590010, 2.127197
4.600010, 2.606323
4.610011, 1.961304
4.620011, 2.437500
4.630011, 2.292969
4.640011, 2.748169
4.650012, 1.571411
4.660012, 1.531738
4.670012, 1.859131
4.680012, 1.306274
4.690012, 1.646973
4.700013, 1.091919
4.710013, 0.914673
4.720013, 0.870239
4.730013, 0.667114
4.740014, 0.110596
4.750014, 0.438232
4.760014, 0.880615
4.770014, -0.325684
4.780015, 0.138794
4.790015, -0.043579
4.800015, 0.421997
4.810015, -0.266846
4.820015, 0.177979
4.830016, -1.017944
4.840016, -0.572510
4.850016, -0.228760
4.860016, -0.270020
4.870017, -0.944824
4.880017, -0.984741
4.890017, -1.138916
4.900017, -0.665894
4.910017, -1.324951
4.920018, -0.867065
4.930018, -1.514160
4.940018, -1.563721
4.950018, -1.687988
4.960019, -1.206421
4.970019, -2.341675
4.980019, -1.856812
4.990019, -1.445190
5.000020, -1.479248
5.010020, -2.073242
5.020020, -1.590332
5.030020, -2.167969
5.040020, -1.671265
5.050021, -1.722290
5.060021, -2.245117
5.070021, -2.280029
5.080021, -2.287720
5.090022, -2.302124
5.100022, -2.305054
5.110022, -1.792358
5.120022, -2.298096
5.130023, -2.272339
5.140023, -1.750854
5.150023, -2.224609
5.160023, -1.695679
5.170023, -2.143433
5.180024, -2.625488
5.190024, -1.507568
5.200024, -1.485718
5.210024, -1.895386
5.220025, -0.824707
5.230025, -2.228882
5.240025, -0.660522
5.250025, -1.010620
5.260026, -0.972534
5.270026, -1.814697
5.280026, -1.237427
5.290026, -1.062256
5.300026, -0.980835
5.310027, -0.787598
5.320027, -0.738281
5.330027, -0.023804
5.340027, 0.031006
5.350028, -0.276733
5.360028, 0.286255
5.370028, -0.007324
5.380028, 0.070679
5.390028, 0.781860
5.400029, 0.860474
5.410029, 0.538330
5.420029, 1.093018
5.430029, 0.769409
5.440030, 1.328125
5.450030, 0.456909
5.460030, 1.013428
5.470030, 1.170776
5.480031, 1.200073
5.490031, 1.859619
5.500031, 1.382690
5.510031, 1.490723
5.520031, 2.028931
5.530032, 1.628296
5.540032, 1.649292
5.550032, 1.241089
5.560032, 1.785645
5.570033, 2.376587
5.580033, 2.398926
5.590033, 1.455078
5.600033, 1.470581
5.610034, 2.555420
5.620034, 2.568726
5.630034, 2.096802
5.640034, 2.618774
5.650034, 2.143066
5.660035, 2.662964
5.670035, 2.170288
5.680035, 2.686401
5.690035, 2.174561
5.700036, 2.684570
5.710036, 2.165771
5.720036, 2.160645
5.730036, 1.625977
5.740036, 2.125488
5.750037, 2.086426
5.760037, 2.074951
5.770037, 2.025757
5.780037, 2.515259
5.790038, 1.939697
5.800038, 1.923218
5.810038, 1.847168
5.820038, 2.340088
5.830039, 1.741455
5.840039, 2.217407
5.850039, 1.096069
5.860039, 2.080566
5.870039, 1.972534
5.880040, 1.944824
5.890040, 1.318726
5.900040, 1.288940
5.910040, 1.164062
5.920041, 1.643555
5.930041, 0.492920
5.940041, 1.464600
5.950041, 0.308105
5.960042, 0.767700
5.970042, 0.116455
5.980042, 1.103760
5.990042, 0.450195
6.000042, 0.925903
6.010043, 0.272705
6.020043, 0.748413
6.030043, 0.075439
6.040043, 0.533081
6.050044, -0.117798
6.060044, -0.663452
6.070044, -0.288940
6.080044, 0.699219
6.090044, -0.967407
6.100045, 0.022705
6.110045, -0.617432
6.120045, -0.661865
6.130045, -0.786255
6.140046, 0.192383
6.150046, -0.945068
6.160046, -0.461182
6.170046, -1.591309
6.180047, -0.594482
6.190047, -1.203857
6.200047, -1.228027
6.210047, -1.316650
6.220047, -1.348877
6.230048, -1.425903
6.240048, -1.453003
6.250048, -1.518433
6.260048, -1.534180
6.270049, -1.588257
6.280049, -1.090210
6.290049, -1.642212
6.300049, -1.655273
6.310050, -1.684814
6.320050, -1.692017
6.330050, -1.707764
6.340050, -1.198730
6.350050, -1.709839
6.360051, -0.686035
6.370051, -1.698730
6.380051, -1.180908
6.390051, -1.665405
6.400052, -1.141479
6.410052, -1.609009
6.420052, -1.078125
6.430052, -1.528809
6.440053, -1.001221
6.450053, -0.929688
6.460053, -0.897949
6.470053, -1.841797
6.480053, -0.791992
6.490054, -0.682373
6.500054, -0.644287
6.510054, -1.545044
6.520054, -0.985352
6.530055, -1.367188
6.540055, -0.303345
6.550055, -0.671753
6.560055, -0.630981
6.570055, -0.477417
6.580056, 0.072510
6.590056, -0.283081
6.600056, 0.290771
6.610056, -0.040649
6.620057, 0.511475
6.630057, 0.162720
6.640057, 0.202637
6.650057, 0.865967
6.660058, 0.905151
6.670058, 0.547119
6.680058, 1.106323
6.690058, 0.727539
6.700058, 0.769897
6.710059, 0.892578
6.720059, 0.917358
6.730059, 1.542358
6.740059, 1.057861
6.750060, 1.151001
6.760060, 1.172119
6.770060, 1.785889
6.780060, 1.802124
6.790061, 1.379150
6.800061, 1.915527
6.810061, 0.959473
6.820061, 1.488892
6.830061, 1.550049
6.840062, 1.561523
6.850062, 1.614258
6.860062, 2.138062
6.870062, 2.173218
6.880063, 1.679688
6.890063, 1.708740
6.900063, 2.224609
6.910063, 2.242676
6.920063, 2.246216
6.930064, 2.250977
6.940064, 1.228638
6.950064, 1.736084
6.960064, 1.733154
6.970065, 1.715576
6.980065, 2.219604
6.990065, 1.681030
7.000065, 2.184448
7.010066, 1.635254
7.020066, 2.136475
7.030066, 2.089966
7.040066, 1.566284
7.050066, 1.510986
7.060067, 1.495972
7.070067, 1.422852
7.080067, 1.908081
7.090067, 1.321167
7.100068, 1.302246
7.110068, 1.220215
7.120068, 1.710571
7.130068, 1.109009
7.140069, 1.597168
7.150069, 0.989990
7.160069, 0.953003
7.170069, 0.838013
7.180069, 0.812988
7.190070, 0.196655
7.200070, 1.191528
7.210070, 0.570557
7.220070, 1.054688
7.230071, 0.942627
7.240071, 0.914429
7.250071, 0.787720
7.260071, 0.234009
7.270072, 0.632080
7.280072, 0.093506
7.290072, -0.018066
7.300072, 0.465088
7.310072, 0.356323
7.320073, -0.180908
7.330073, -0.287109
7.340073, -0.325195
7.350073, 0.071777
7.360074, 0.047241
7.370074, -0.048828
7.380074, -0.071533
7.390074, -0.673096
7.400074, -0.184326
7.410075, -0.269531
7.420075, -0.300659
7.430075, -0.888916
7.440075, -0.916138
7.450076, -0.985107
7.460076, -0.490967
7.470076, -1.062988
7.480076, -0.566040
7.490077, -1.130127
7.500077, -0.631470
7.510077, -0.675659
7.520077, -0.693237
7.530077, -1.236572
7.540078, -0.732910
7.550078, -2.287720
7.560078, -1.271484
7.570078, -0.772339
7.580079, -1.284546
7.590079, -1.288452
7.600079, -0.775024
7.610079, -1.787476
7.620080, -1.272827
7.630080, -1.252319
7.640080, -0.734009
7.650080, -1.214233
7.660080, -1.204102
7.670081, -1.161011
7.680081, -1.148193
7.690081, -1.094238
7.700081, -0.551392
7.710082, -0.998901
7.720082, -0.470215
7.730082, -1.412964
7.740082, -0.370117
7.750082, -1.295898
7.760083, -0.250854
7.770083, -0.159790
7.780083, -0.630737
7.790083, -0.513672
7.800084, 0.024292
7.810084, -0.372314
7.820084, 0.168091
7.830084, 0.286011
7.840085, 0.316650
7.850085, -0.076050
7.860085, 0.467285
7.870085, 0.591309
7.880085, 0.651733
7.890086, 0.265259
7.900086, 1.314819
7.910086, 0.919189
7.920086, 0.432861
7.930087, 0.542847
7.940087, 1.077637
7.950087, 0.661865
7.960087, 1.196655
7.970088, 0.272705
7.980088, 1.325928
7.990088, 1.410645
8.000088, 1.429810
8.010088, 0.478271
8.020088, 0.497070
8.030088, 0.560181
8.040089, 1.596924
8.050089, 1.150757
8.060089, 1.682129
8.070089, 1.219971
8.080090, 1.751099
8.090090, 1.283081
8.100090, 1.291016
8.110090, 1.329346
8.120090, 1.337646
8.130091, 1.362427
8.140091, 1.879395
8.150091, 1.388428
8.160091, 1.905151
8.170092, 1.404419
8.180092, 1.916626
8.190092, 1.404175
8.200092, 1.914551
8.210093, 1.396240
8.220093, 1.903564
8.230093, 0.864502
8.240093, 1.879395
8.250093, 1.338989
8.260094, 1.842896
8.270094, 0.787842
8.280094, 1.800537
8.290094, 1.247925
8.300095, 1.748657
8.310095, 1.189087
8.320095, 1.687988
8.330095, 1.122314
8.340096, 1.604370
8.350096, 1.030151
8.360096, 1.014771
8.370096, 0.947998
8.380096, 1.440674
8.390097, 0.856445
8.400097, 0.838013
8.410097, 0.759521
8.420097, 1.251465
8.430098, 0.658569
8.440098, 1.128174
8.450098, 0.531616
8.460098, 0.509766
8.470098, -0.087891
8.480099, 0.401001
8.490099, 0.312256
8.500099, 1.311890
8.510099, 0.200195
8.520100, 0.178467
8.530100, 0.078369
8.540100, 0.557007
8.550100, -0.041992
8.560101, 0.447876
8.570101, -0.146362
8.580101, 0.344360
8.590101, -0.248291
8.600101, 0.243408
8.610102, -0.346191
8.620102, -0.383423
8.630102, -0.967651
8.640102, 0.037109
8.650103, -0.542969
8.660103, -0.559937
8.670103, -1.129517
8.680103, -0.125488
8.690104, -1.205688
8.700104, -0.707397
8.710104, -0.760376
8.720104, -0.784302
8.730104, -0.828247
8.740105, 0.184082
8.750105, -0.874268
8.760105, -0.371704
8.770105, -0.400269
8.780106, -1.428955
8.790106, -0.940918
8.800106, -0.944824
8.810106, -0.960571
8.820107, 0.059814
8.830107, -1.478760
8.840107, -0.457153
8.850107, -0.963745
8.860107, -0.451050
8.870108, -0.949951
8.880108, -0.946777
8.890108, -0.926758
8.900108, -0.403931
8.910109, -1.395996
8.920109, 0.145752
8.930109, -0.835938
8.940109, -1.335205
8.950109, -0.776123
8.960110, -0.252197
8.970110, -0.707642
8.980110, -0.182495
8.990110, -0.630493
9.000111, -0.088989
9.010111, -0.527222
9.020111, 0.000977
9.030111, -0.427124
9.040112, -0.406860
9.050112, -0.329224
9.060112, 0.202148
9.070112, -0.217651
9.080112, 0.845337
9.090113, -0.085938
9.100113, -0.062500
9.110113, 0.027222
9.120113, 0.050659
9.130114, 0.654663
9.140114, 0.677246
9.150114, 0.767212
9.160114, 0.279053
9.170115, 0.364258
9.180115, -0.115356
9.190115, -0.025146
9.200115, 1.015869
9.210115, 1.091187
9.220116, 1.620728
9.230116, 0.661499
9.240116, 1.697876
9.250116, 1.255493
9.260117, 1.778809
9.270117, 0.814575
9.280117, 1.356567
9.290117, 0.893066
9.300117, 0.904785
9.310118, 0.443359
9.320118, 1.476074
9.330118, 0.492310
9.340118, 1.524292
9.350119, 1.046387
9.360119, 1.565308
9.370119, 0.575928
9.380119, 1.094849
9.390120, 1.625488
9.400120, 1.629639
9.410120, 1.641968
9.420120, 1.644043
9.430120, 1.139282
9.440121, 1.140381
9.450121, 1.650391
9.460121, 1.650391
9.470121, 0.618286
9.480122, 1.637695
9.490122, 1.623779
9.500122, 1.619019
9.510122, 1.597168
9.520123, 1.591675
9.530123, 1.053955
9.540123, 2.067871
9.550123, 0.501343
9.560123, 1.506470
9.570124, 0.954590
9.580124, 1.454834
9.590124, 0.899536
9.600124, 1.398682
9.610125, 1.349121
9.620125, 1.336914
9.630125, 0.771729
9.640125, 1.779907
9.650126, 1.203857
9.660126, 1.181152
9.670126, 0.609131
9.680126, 1.104736
9.690126, 0.530273
9.700127, 1.535767
9.710127, 0.447266
9.720127, 0.941284
9.730127, 0.361328
9.740128, 0.334961
9.750128, 0.256714
9.760128, 0.750732
9.770128, 0.169067
9.780128, 0.151855
9.790129, 0.083374
9.800129, 0.576416
9.810129, -0.002319
9.820129, 0.491821
9.830130, -0.595337
9.840130, -0.116821
9.850130, -0.179810
9.860130, 0.315796
9.870131, -0.255493
9.880131, -0.270630
9.890131, -0.837280
9.900131, -0.340332
9.910131, -0.394165
9.920132, -0.406372
9.930132, -0.461426
9.940132, -0.478516
9.950132, -1.032837
9.960133, -0.021118
9.970133, -0.059204
9.980133, -0.070679
9.990133, -0.608643
10.000134, -0.615112
10.010134, -0.646729
10.020134, -0.144409
10.030134, -0.679688
10.040134, -0.683228
10.050135, -0.187744
10.060135, -0.190674
10.070135, -0.709839
10.080135, -1.222900
10.090136, -0.203003
10.100136, -0.713013
10.110136, -0.708496
10.120136, -0.195190
10.130136, -0.694336
10.140137, -0.179810
10.150137, -0.672852
10.160137, -0.667969
10.170137, -0.642212
10.180138, -0.632080
10.190138, -0.597534
10.200138, -0.077271
10.210138, -0.038940
10.220139, -0.028076
10.230139, -0.494751
10.240139, 0.028564
10.250139, -0.431641
10.260139, 0.093262
10.270140, -0.866211
10.280140, -0.332886
10.290140, -0.273315
10.300140, 0.253296
10.310141, -0.196411
10.320141, -0.180420
10.330141, -0.111694
10.340141, 0.415649
10.350142, -0.022827
10.360142, 0.011841
10.370142, 0.078125
10.380142, 0.608643
10.390142, -0.343262
10.400143, 0.184814
10.410143, -0.256958
10.420143, 0.782227
10.430143, 0.846313
10.440144, 0.871094
10.450144, 0.942627
10.460144, 0.447266
10.470144, 0.503418
10.480145, 1.027588
10.490145, 1.075439
10.500145, 1.086426
10.510145, 0.629395
10.520145, 0.643677
10.530146, 0.692383
10.540146, 0.704346
10.550146, 0.741943
10.560146, 1.261353
10.570147, 0.788574
10.580147, 0.796265
10.590147, 0.824219
10.600147, 0.832153
10.610147, 0.859863
10.620148, 1.378418
10.630148, 0.887817
10.640148, 1.403198
10.650148, 0.904785
10.660149, 1.419189
10.670149, 0.406372
10.680149, 0.918701
10.690149, 0.922729
10.700150, 1.434326
10.710150, 0.919434
10.720150, 0.407104
10.730150, 0.910400
10.740150, 1.419189
10.750151, 0.895508
10.760151, 1.402954
10.770151, 0.873657
10.780151, 0.868896
10.790152, 0.842529
10.800152, 1.345093
10.810152, 0.295654
10.820152, 1.310547
10.830153, 0.766479
10.840153, 1.269775
10.850153, 1.233032
10.860153, 1.223511
10.870153, 1.184937
10.880154, 1.681152
10.890154, 0.615479
10.900154, 1.110107
10.910154, 0.553223
10.920155, 1.052612
10.930155, 1.003906
10.940155, 0.991333
10.950155, 0.429688
10.960155, 1.439697
10.970156, 0.875610
10.980156, 0.345093
10.990156, 0.796509
11.000156, 0.782471
11.010157, -0.293457
11.020157, 0.714844
11.030157, 0.150269
11.040157, 0.648560
11.050158, 0.082886
11.060158, 0.581421
11.070158, 0.018433
11.080158, 0.509888
11.090158, -0.568359
11.100159, 0.442017
11.110159, -0.117065
11.120159, 0.894043
11.130159, -0.174316
11.140160, -0.185425
11.150160, 0.282837
11.160160, 0.267700
11.170160, -0.283447
11.180161, 0.213623
11.190161, -0.332886
11.200161, 0.169678
11.210161, -0.373413
11.220161, 0.131104
11.230162, -0.409058
11.240162, 0.095703
11.250162, -0.438843
11.260162, 0.064819
11.270163, -0.467651
11.280163, 0.040283
11.290163, -0.485962
11.300163, 0.022461
11.310163, 0.013672
11.320164, 0.522461
11.330164, -0.504028
11.340164, 0.006470
11.350164, -0.503540
11.360165, 0.008057
11.370165, -0.497681
11.380165, -0.495239
11.390165, -0.484863
11.400166, -0.480591
11.410166, -0.464966
11.420166, 0.050415
11.430166, -0.440430
11.440166, -0.432251
11.450167, 0.105225
11.460167, -0.906128
11.470167, -0.364258
11.480167, 0.155518
11.490168, -0.831421
11.500168, 0.200073
11.510168, 0.239990
11.520168, -0.260742
11.530169, -0.217651
11.540169, 0.310547
11.550169, -0.153198
11.560169, 0.374878
11.570169, -0.597168
11.580170, 0.437256
11.590170, -0.021973
11.600170, 1.013794
11.610170, 0.043457
11.620171, 0.574341
11.630171, 0.116699
11.640171, 0.136353
11.650171, 0.694580
11.660172, 0.202881
11.670172, 0.765869
11.680172, 0.267334
11.690172, 0.316528
11.700172, 0.839722
11.710173, 0.373779
11.720173, 0.901733
11.730173, 0.433105
11.740173, 0.959229
11.750174, 0.487427
11.760174, 1.007935
11.770174, 0.531616
11.780174, 1.051514
11.790174, 0.572632
11.800175, 1.091675
11.810175, 0.099487
11.820175, 1.131348
11.830175, 0.645874
11.840176, 1.676636
11.850176, 1.186279
11.860176, 1.191040
11.870176, 0.698242
11.880177, 1.212891
11.890177, 0.715088
11.900177, 1.231201
11.910177, 0.217896
11.920177, 0.731567
11.930178, 0.737915
11.940178, 1.249268
11.950178, 0.737915
11.960178, 0.738525
11.970179, 0.735596
11.980179, 1.246338
11.990179, 0.216309
12.000179, 1.235474
12.010180, 0.713501
12.020180, 0.708374
12.030180, 0.182739
12.040180, 1.200562
12.050180, 1.182007
12.060181, 1.687988
12.070181, 0.643433
12.080181, 1.148438
12.090181, 0.613159
12.100182, 1.114136
12.110182, 1.086182
12.120182, 1.074463
12.130182, 0.532959
12.140182, 1.035278
12.150183, 1.002563
12.160183, 0.993774
12.170183, 0.953003
12.180183, 1.451172
12.190184, 0.396118
12.200184, 0.386841
12.210184, 0.347412
12.220184, 0.332764
12.230185, -0.218140
12.240185, 0.794189
12.250185, 0.241821
12.260185, 0.743286
12.270185, 0.192017
12.280186, 0.175781
12.290186, 0.135864
12.300186, 0.631470
12.310186, 0.080444
12.320187, 0.582764
12.330187, 0.033081
12.340187, 0.534058
12.350187, 0.496338
12.360188, 0.487549
12.370188, -0.063477
12.380188, -0.071533
12.390188, 0.406006
12.400188, 0.393555
12.410189, -0.147583
12.420189, 0.356567
12.430189, -0.183105
12.440189, -0.189697
12.450190, -0.726196
12.460190, 0.798218
12.470190, -0.245850
12.480190, -0.251465
12.490191, -0.272705
12.500191, 0.233276
12.510191, -0.292480
12.520191, 0.214966
12.530191, -0.307617
12.540192, 0.200562
12.550192, -0.319336
12.560192, 0.699951
12.570192, -0.326538
12.580193, -0.328125
12.590193, -0.329468
12.600193, 0.182495
12.610193, -0.327026
12.620193, -0.325928
12.630194, -0.830078
12.640194, 0.193359
12.650194, -0.307373
12.660194, 0.208252
12.670195, 0.221802
12.680195, 0.227173
12.690195, -0.267456
12.700195, 0.248779
12.710196, -0.241821
12.720196, 0.274536
12.730196, 0.298462
12.740196, 0.304688
12.750196, -0.175903
12.760197, -0.168945
12.770197, -0.134644
12.780197, 0.385254
12.790197, -0.093872
12.800198, 0.426025
12.810198, -0.049683
12.820198, 0.470459
12.830198, -0.515137
12.840199, 0.521851
12.850199, 0.559082
12.860199, 0.573730
12.870199, 0.608398
12.880199, 0.622437
12.890200, 0.151245
12.900200, 0.672241
12.910200, 0.199707
12.920200, 0.208740
12.930201, 0.251587
12.940201, 0.771729
12.950201, 0.295288
12.960201, -0.202148
12.970201, 0.341309
12.980202, 1.370972
12.990202, 0.890747
13.000202, 0.897217
13.010202, 0.413696
13.020203, 0.934937
13.030203, 0.448364
13.040203, 0.965820
13.050203, 0.476807
13.060204, 0.995605
13.070204, 1.016113
13.080204, 1.020630
13.090204, 1.037964
13.100204, 0.531616
13.110205, 0.545532
13.120205, 1.061890
13.130205, 1.073120
13.140205, 0.565186
13.150206, 0.574829
13.160206, 0.576050
13.170206, 1.091431
13.180206, 1.092773
13.190207, 1.095215
13.200207, 1.094971
13.210207, 0.584106
13.220207, 1.094116
13.230207, 0.578979
13.240208, 1.600220
13.250208, 1.082397
13.260208, 1.080566
13.270208, 1.070923
13.280209, 1.068359
13.290209, 0.543091
13.300209, 0.538818
13.310209, 0.524414
13.320210, 0.518311
13.330210, 1.011353
13.340210, 1.007080
13.350210, 0.987427
13.360210, 0.471191
13.370211, -0.061646
13.380211, 0.440308
13.390211, 0.417725
13.400211, 0.918701
13.410212, -0.128418
13.420212, 0.886719
13.430212, 0.348755
13.440212, 0.852417
13.450212, -0.197632
13.460213, 1.324707
13.470213, -0.237061
13.480213, 0.777954
13.490213, 0.745117
13.500214, 0.737671
13.510214, 0.196777
13.520214, 0.700684
13.530214, 0.670654
13.540215, 0.662964
13.550215, 0.119873
13.560215, 0.623535
13.570215, 0.083130
13.580215, 0.583862
13.590216, 0.045654
13.600216, 0.039185
13.610216, 0.012573
13.620216, 0.517578
13.630217, -0.017212
13.640217, 0.485352
13.650217, -0.048096
13.660217, -0.053467
13.670218, -0.074463
13.680218, -0.081909
13.690218, 0.411133
13.700218, 0.406860
13.710218, -0.119751
13.720219, 0.386841
13.730219, 0.373047
13.740219, -0.142822
13.750219, -0.154297
13.760220, -0.156982
13.770220, -0.167358
13.780220, 0.341919
13.790220, -0.175537
13.800220, -0.177246
13.810221, -0.180664
13.820221, 0.329712
13.830221, -0.694092
13.840221, 0.327515
13.850222, -0.181763
13.860222, 0.330444
13.870222, -0.175903
13.880222, -0.174805
13.890223, -0.168701
13.900223, -0.166016
13.910223, -0.667358
13.920223, -0.153442
13.930223, -0.140991
13.940224, -0.137573
13.950224, -0.123169
13.960224, 0.393555
13.970224, -0.611816
13.980225, -0.096313
13.990225, -0.077881
14.000225, -0.073364
14.010225, -0.052368
14.020226, 0.467041
14.030226, -0.022217
14.040226, 0.495239
14.050226, 0.521606
14.060226, 0.528198
14.070227, 0.042358
14.080227, 0.559692
14.090227, 0.585205
14.100227, 0.594727
14.110228, 0.622437
14.120228, 0.118286
14.130228, 0.145142
14.140228, 0.151855
14.150229, 0.181641
14.160229, 0.188232
14.170229, 0.214355
14.180229, -0.289429
14.190229, 0.757690
14.200230, 0.766235
14.210230, 0.278809
14.220230, 0.795532
14.230230, 0.305664
14.240231, 0.824219
14.250231, 0.331787
14.260231, 0.847656
14.270231, 0.355469
14.280231, 0.359741
14.290232, -0.135010
14.300232, 0.380737
14.310232, 0.394287
14.320232, 1.421631
14.330233, 0.411377
14.340233, 0.415649
14.350233, 0.425659
14.360233, 0.938965
14.370234, 0.436401
14.380234, 0.439575
14.390234, 0.446167
14.400234, 0.958618
14.410234, 0.451294
14.420235, 0.963745
14.430235, 0.453369
14.440235, 0.965332
14.450235, 0.454224
14.460236, -0.057617
14.470236, 0.452881
14.480236, 0.962158
14.490236, 0.957520
14.500237, 0.445435
14.510237, -0.072021
14.520237, 0.947754
14.530237, 0.427856
14.540237, 0.937378
14.550238, 0.416138
14.560238, 0.922974
14.570238, 0.911011
14.580238, 1.418701
14.590239, 0.895020
14.600239, 0.889160
14.610239, 0.876343
14.620239, 0.869995
14.630239, 0.342896
14.640240, -0.682617
14.650240, 0.321655
14.660240, 0.828247
14.670240, 0.295776
14.680241, -0.218872
14.690241, 0.272705
14.700241, 0.265259
14.710241, 0.245728
14.720242, 0.240967
14.730242, 0.731567
14.740242, 0.215454
14.750242, 0.194458
14.760242, 0.698364
14.770243, 0.166504
14.780243, 1.183838
14.790243, 0.140869
14.800243, 0.644287
14.810244, 0.624878
14.820244, 0.620117
14.830244, 0.089233
14.840244, 0.594727
14.850245, 0.065796
14.860245, 0.061035
14.870245, 0.045044
14.880245, 0.552490
14.890245, 0.025879
14.900246, 0.531738
14.910246, -0.504028
14.920246, 0.514404
14.930246, -0.008667
14.940247, 0.498413
14.950247, -0.023315
14.960247, -0.026245
14.970247, -0.034790
14.980247, 0.473389
14.990248, -0.045410
15.000248, 0.464111
15.010248, -0.563599
15.020248, -0.564453
15.030249, -0.057617
15.040249, -0.059326
15.050249, -0.060547
15.060249, 0.449707
15.070250, -0.062256
15.080250, 0.449219
15.090250, -0.060547
15.100250, 0.450806
15.110250, -0.568115
15.120251, 0.455322
15.130251, -0.050171
15.140251, 0.973633
15.150251, -0.041992
15.160252, -0.039795
15.170252, -0.031860
15.180252, 0.483032
15.190252, -0.018555
15.200253, 0.495483
15.210253, 0.506714
15.220253, -0.000488
15.230253, 0.012085
15.240253, 0.526367
15.250254, 0.029419
15.260254, 0.545776
15.270254, 0.049561
15.280254, 0.564453
15.290255, -0.442017
15.300255, 0.584351
15.310255, 0.089233
15.320255, -0.925659
15.330256, 0.623291
15.340256, 0.117188
15.350256, 0.134033
15.360256, -1.392090
15.370256, -0.352783
15.380257, 0.674316
15.390257, 0.179810
15.400257, 0.184570
15.410257, 0.203125
15.420258, 0.206909
15.430258, 0.734253
15.440258, 0.227417
15.450258, 0.752930
15.460258, -0.263916
15.470259, 0.261963
15.480259, 0.775513
15.490259, 0.277222
15.500259, 0.792847
15.510260, 0.292603
15.520260, 0.295776
15.530260, -0.206177
15.540260, 0.308594
15.550261, 0.317871
15.560261, 0.319824
15.570261, 0.328003
15.580261, 0.839966
15.590261, 0.335205
15.600262, 0.848145
15.610262, 0.341919
15.620262, 0.854004
15.630262, 0.345337
15.640263, 1.369629
15.650263, -0.162476
15.660263, 0.348999
15.670263, -0.161377
15.680264, 0.348755
15.690264, 0.348511
15.700264, 0.347778
15.710264, -0.165405
15.720264, -0.166504
15.730265, -0.169067
15.740265, -0.171265
15.750265, 0.845459
15.760265, 0.333130
15.770266, 0.327515
15.780266, 0.835693
15.790266, 0.317871
15.800266, 0.827393
15.810266, 0.307739
15.820267, 0.815674
15.830267, 0.806885
15.840267, 0.803467
15.850267, 0.793823
15.860268, 0.789062
15.870268, 0.267334
15.880268, 0.264893
15.890268, 0.253540
15.900269, 0.760132
15.910269, 0.236206
15.920269, 0.744385
15.930269, 0.221313
15.940269, 0.216797
15.950270, 0.715088
15.960270, 0.711670
15.970270, 0.698608
15.980270, 0.693481
15.990271, 0.680542
16.000271, 0.678345
16.010271, -0.357300
16.020271, 0.661011
16.030272, -0.373779
16.040272, 0.133179
16.050272, 0.632812
16.060272, 0.119019
16.070272, 0.107300
16.080273, 0.103638
16.090273, 0.604614
16.100273, 0.091431
16.110273, 0.081299
16.120274, 0.589722
16.130274, 0.069336
16.140274, -0.443604
16.150274, 0.060547
16.160275, 0.058960
16.170275, 0.052002
16.180275, 0.050659
16.190275, -0.465332
16.200275, -0.466675
16.210276, -0.470215
16.220276, -0.471558
16.230276, 0.037109
16.240276, 0.547363
16.250277, -0.477417
16.260277, 1.055054
16.270277, -0.477905
16.280277, -0.988770
16.290277, 0.034180
16.300278, 1.056396
16.310278, 0.035767
16.320278, 0.547607
16.330278, 0.038696
16.340279, 0.551147
16.350279, 1.065430
16.360279, 0.045044
16.370279, 0.049805
16.380280, 0.562256
16.390280, 0.057007
16.400280, 0.569214
16.410280, 0.065308
16.420280, 0.579102
16.430281, 0.075439
16.440281, 0.077759
16.450281, 0.085815
16.460281, 0.088745
16.470282, 0.608032
16.480282, 0.099609
16.490282, 0.109009
16.500282, 0.622681
16.510283, 0.632568
16.520283, 0.635254
16.530283, 0.134521
16.540283, 0.137207
16.550283, 0.147827
16.560284, 0.150757
16.570284, 0.160889
16.580284, 0.674316
16.590284, 0.174194
16.600285, 0.689331
16.610285, 0.187988
16.620285, 0.190186
16.630285, 0.199463
16.640285, 0.202637
16.650286, 0.211914
16.660286, 0.724976
16.670286, 0.221558
16.680286, 0.736938
16.690287, 0.742798
16.700287, 0.744873
16.710287, 0.240479
16.720287, 0.242310
16.730288, 0.758789
16.740288, 0.248657
16.750288, 0.254028
16.760288, 0.255615
16.770288, 0.259033
16.780289, 0.260376
16.790289, 0.263306
16.800289, 1.286133
16.810289, -0.245239
16.820290, 0.777344
16.830290, 0.267090
16.840290, 0.777588
16.850290, 0.266846
16.860291, 0.267090
16.870291, 0.266479
16.880291, 0.777344
16.890291, 0.776855
16.900291, 0.265747
16.910292, 0.263062
16.920292, 0.772827
16.930292, 0.259644
16.940292, 0.258789
16.950293, 0.255859
16.960293, 0.765625
16.970293, 0.250244
16.980293, 0.760376
16.990294, 0.244385
17.000294, 0.243164
17.010294, 0.236938
17.020294, 0.747559
17.030294, 0.231079
17.040295, 0.740112
17.050295, 0.223389
17.060295, 0.222290
17.070295, 0.726318
17.080296, 0.723877
17.090296, 0.205322
17.100296, 0.203979
17.110296, 0.197021
17.120296, 0.706543
17.130297, 0.188599
17.140297, 0.186157
17.150297, 0.178955
17.160297, 0.687622
17.170298, 0.680542
17.180298, 0.678101
17.190298, 0.160645
17.200298, 0.669800
17.210299, 0.663452
17.220299, 0.149414
17.230299, 0.142456
17.240299, 0.140625
17.250299, 0.136108
17.260300, 0.133423
17.270300, 0.127808
17.280300, 0.126465
17.290300, 0.121216
17.300301, 0.120972
17.310301, 0.117188
17.320301, 0.115356
17.330301, -0.399048
17.340302, 0.621338
17.350302, -0.403076
17.360302, 0.618774
17.370302, 0.105225
17.380302, 0.616089
17.390303, -0.406616
17.400303, 0.614990
17.410303, -0.408447
17.420303, 0.613892
17.430304, 0.103149
17.440304, 0.613892
17.450304, -0.406860
17.460304, 0.615479
17.470304, 0.106079
17.480305, 0.106812
17.490305, 0.107056
17.500305, 0.107910
17.510305, -0.400757
17.520306, 0.622681
17.530306, 0.114014
17.540306, 0.625610
17.550306, 0.117188
17.560307, 0.630127
17.570307, 0.122803
17.580307, 0.635010
17.590307, 0.127075
17.600307, 0.640259
17.610308, 0.134033
17.620308, 0.646118
17.630308, 0.139526
17.640308, 0.141113
17.650309, 0.145142
17.660309, 0.657593
17.670309, -0.359741
17.680309, 0.152588
17.690310, 0.157959
17.700310, 0.160034
17.710310, -0.346436
17.720310, 0.166748
17.730310, -0.339722
17.740311, 0.172852
17.750311, 0.177612
17.760311, 0.689819
17.770311, 0.183716
17.780312, 0.696167
17.790312, -0.320801
17.800312, 0.702026
17.810312, -0.316040
17.820312, 0.707153
17.830313, 0.199707
17.840313, 0.711060
17.850313, 0.203979
17.860313, 0.205078
17.870314, 0.206909
17.880314, 0.719360
17.890314, -0.301147
17.900314, 0.722046
17.910315, 0.211426
17.920315, 0.723633
17.930315, 0.213013
17.940315, 0.213623
17.950315, -0.296387
17.960316, 0.725708
17.970316, 0.213623
17.980316, 0.214355
17.990316, -0.297119
18.000317, 0.213867
18.010317, 0.213013
18.020317, 0.723877
18.030317, 0.210938
18.040318, 0.208740
18.050318, -0.302979
18.060318, 0.716675
18.070318, 0.205566
18.080318, 0.202881
18.090319, 0.713257
18.100319, 0.199219
18.110319, 0.708984
18.120319, 0.196045
18.130320, 0.706055
18.140320, 0.191772
18.150320, 0.190918
18.160320, 0.187744
18.170321, 0.697754
18.180321, 0.693848
18.190321, 0.182129
18.200321, 0.690063
18.210321, 0.178711
18.220322, 0.174683
18.230322, 0.685059
18.240322, -0.340576
18.250322, 0.168823
18.260323, 0.166748
18.270323, 0.164307
18.280323, 0.672729
18.290323, 0.160645
18.300323, 0.158203
18.310324, 0.668457
18.320324, 0.155029
18.330324, 0.664795
18.340324, 0.151245
18.350325, 0.661865
18.360325, -0.362671
18.370325, 0.659424
18.380325, 0.145996
18.390326, 0.656738
18.400326, 0.144897
18.410326, 0.655518
18.420326, 0.143311
18.430326, 0.653809
18.440327, 0.142456
18.450327, 0.142456
18.460327, 0.141479
18.470327, 0.141968
18.480328, 0.141968
18.490328, -0.369263
18.500328, 0.142456
18.510328, 0.143066
18.520329, 0.143066
18.530329, 0.143799
18.540329, 0.144409
18.550329, 0.656738
18.560329, 0.145996
18.570330, 0.657837
18.580330, 0.659668
18.590330, 0.149414
18.600330, 0.150757
18.610331, 0.662354
18.620331, 0.153931
18.630331, 0.665527
18.640331, -0.354858
18.650331, 0.157715
18.660332, 0.159790
18.670332, 0.160645
18.680332, -0.348267
18.690332, 0.674072
18.700333, 0.165405
18.710333, 0.678101
18.720333, 0.168579
18.730333, 0.169922
18.740334, 0.171509
18.750334, -0.338135
18.760334, 0.175537
18.770334, 0.176514
18.780334, -0.332520
18.790335, 0.689819
18.800335, -0.330444
18.810335, 0.180298
18.820335, 0.182983
18.830336, 1.204956
18.840336, 0.183960
18.850336, 0.185303
18.860336, 0.696411
18.870337, 0.186646
18.880337, 0.698608
18.890337, 0.698853
18.900337, 0.699341
18.910337, 0.699707
18.920338, 0.700439
18.930338, 0.699951
18.940338, -0.321655
18.950338, 0.701538
18.960339, 0.700439
18.970339, 0.188843
18.980339, 0.189087
18.990339, 0.188599
19.000340, -0.323242
19.010340, 0.697998
19.020340, 0.698853
19.030340, 0.698853
19.040340, 0.696411
19.050341, 0.696777
19.060341, 0.696411
19.070341, 0.695068
19.080341, 0.694092
19.090342, 0.182129
19.100342, 0.180298
19.110342, 0.180298
19.120342, 0.178955
19.130342, 0.178467
19.140343, 0.176880
19.150343, 0.176270
19.160343, 0.174438
19.170343, 0.685303
19.180344, 0.683472
19.190344, 0.171753
19.200344, 0.169922
19.210344, 0.681274
19.220345, -0.343262
19.230345, 0.167236
19.240345, 0.165894
19.250345, 0.676758
19.260345, 0.164307
19.270346, 0.163574
19.280346, 0.161865
19.290346, 1.183838
19.300346, -0.349609
19.310347, 0.160278
19.320347, -0.351440
19.330347, 0.159546
19.340347, -0.352295
19.350348, 0.158203
19.360348, 0.157349
19.370348, 0.157715
19.380348, 0.156860
19.390348, 0.668213
19.400349, 0.156372
19.410349, -1.376343
19.420349, 0.157104
19.430349, 0.667969
19.440350, -0.354126
19.450350, 0.668213
19.460350, -0.353027
19.470350, -0.353271
19.480350, 0.158447
19.490351, 0.669067
19.500351, 0.159302
19.510351, 0.671143
19.520351, 0.159790
19.530352, 0.672241
19.540352, 0.161377
19.550352, 0.672485
19.560352, 0.162476
19.570353, -0.348022
19.580353, 0.163818
19.590353, 0.675171
19.600353, 0.165161
19.610353, 0.676758
19.620354, -0.343750
19.630354, -0.854858
19.640354, 0.168579
19.650354, 0.680176
19.660355, 0.170410
19.670355, 0.171021
19.680355, 0.171753
19.690355, 0.172363
19.700356, -0.338135
19.710356, -0.337036
19.720356, 0.174194
19.730356, 0.174438
19.740356, 0.176025
19.750357, 0.176514
19.760357, 0.176880
19.770357, 0.688232
19.780357, -0.332764
19.790358, 0.688965
19.800358, -0.332520
19.810358, 0.689575
19.820358, 0.179199
19.830359, -0.331543
19.840359, 0.178955
19.850359, 0.179199
19.860359, 0.180298
19.870359, -0.842041
19.880360, 0.691406
19.890360, 0.179199
19.900360, 0.179443
19.910360, 0.179199
19.920361, -0.332275
19.930361, 0.689331
19.940361, 0.689331
19.950361, 0.688721
19.960361, 0.688477
19.970362, 0.177856
19.980362, 0.176880
19.990362, 0.177124
20.000362, 0.175781
20.010363, 0.175293
20.020363, -0.336304
20.030363, 0.174683
20.040363, 0.173950
20.050364, 0.684448
20.060364, 0.172852
20.070364, 0.683960
20.080364, 0.171509
20.090364, 0.171753
20.100365, -0.340576
20.110365, 0.681519
20.120365, 0.169434
20.130365, 0.169922
20.140366, 0.168579
20.150366, 0.679443
20.160366, 0.167236
20.170366, 0.677612
20.180367, 0.166748
20.190367, 0.165649
20.200367, 0.166504
20.210367, 0.165894
20.220367, 0.166138
20.230368, 0.164795
20.240368, 0.165161
20.250368, 0.165405
20.260368, 0.163818
20.270369, 0.675415
20.280369, 0.164307
20.290369, 0.674927
20.300369, -0.347168
20.310369, 0.163818
20.320370, 0.164307
20.330370, 0.675171
20.340370, 0.164307
20.350370, 0.164551
20.360371, -0.346680
20.370371, 0.164062
20.380371, 0.165405
20.390371, 0.675903
20.400372, 0.165161
20.410372, -0.346191
20.420372, 0.165405
20.430372, -0.345093
20.440372, 0.165649
20.450373, 0.166504
20.460373, 0.167236
20.470373, 0.167725
20.480373, -0.343506
20.490374, 0.168823
20.500374, 0.168579
20.510374, 0.680176
20.520374, 0.169678
20.530375, -0.852661
20.540375, 0.169678
20.550375, 0.681519
20.560375, -0.339722
20.570375, 0.170654
20.580376, 0.171753
20.590376, 0.683472
20.600376, 0.171997
20.610376, 0.682617
20.620377, 0.172607
20.630377, 0.172363
20.640377, -0.337891
20.650377, 0.684204
20.660378, 0.173950
20.670378, -0.336792
20.680378, 0.174194
20.690378, 0.685303
20.700378, 0.174438
20.710379, 0.174194
20.720379, 0.174683
20.730379, 0.173584
20.740379, 0.174194
20.750380, 0.174683
20.760380, -0.336548
20.770380, 0.174683
20.780380, 0.174683
20.790380, 0.684692
20.800381, -0.337036
20.810381, 0.174194
20.820381, 0.684448
20.830381, 0.173584
20.840382, 0.173340
20.850382, 0.684204
20.860382, -0.338379
20.870382, -1.360107
20.880383, 0.172363
20.890383, 0.172363
20.900383, 0.171753
20.910383, 0.172607
20.920383, 0.171265
20.930384, 0.171265
20.940384, 0.170410
20.950384, 0.170654
20.960384, 0.170654
20.970385, -0.340332
20.980385, 0.169678
20.990385, 0.169678
21.000385, 0.169678
21.010386, 0.168823
21.020386, -0.341064
21.030386, 0.680176
21.040386, -0.342651
21.050386, 0.168823
21.060387, 0.169067
21.070387, 0.168335
21.080387, 0.168335
21.090387, 0.168091
21.100388, 0.167480
21.110388, 0.167236
21.120388, 0.168335
21.130388, 0.678589
21.140388, 0.167725
21.150389, 0.679199
21.160389, 0.167480
21.170389, 0.167480
21.180389, 0.167480
21.190390, 0.168091
21.200390, 0.167725
21.210390, 0.167725
21.220390, 0.167725
21.230391, 0.678345
21.240391, -0.342407
21.250391, 0.168579
21.260391, 0.168091
21.270391, 0.679199
21.280392, -0.342163
21.290392, 0.680176
21.300392, 0.680542
21.310392, 1.190796
21.320393, 0.169067
21.330393, 0.680542
21.340393, 0.169678
21.350393, 0.680542
21.360394, 0.170166
21.370394, 0.681274
21.380394, 0.169922
21.390394, 0.170166
21.400394, 0.170166
21.410395, -0.340576
21.420395, 0.171265
21.430395, 0.682617
21.440395, 0.682129
21.450396, 0.171021
21.460396, 0.171753
21.470396, 0.171509
21.480396, 0.682373
21.490396, 0.682373
21.500397, 0.171997
21.510397, 0.171509
21.520397, 0.682861
21.530397, 0.682861
21.540398, 0.682373
21.550398, -0.849487
21.560398, 0.171997
21.570398, 0.683472
21.580399, 0.171753
21.590399, 0.171265
21.600399, -0.339233
21.610399, 0.171753
21.620399, 0.171265
21.630400, 0.171509
21.640400, 0.171997
21.650400, -0.339478
21.660400, 0.171509
21.670401, 0.682861
21.680401, 0.171021
21.690401, 0.171509
21.700401, 0.171021
21.710402, 1.192627
21.720402, -0.340332
21.730402, 0.681519
21.740402, 0.171021
21.750402, 0.171021
21.760403, 0.170410
21.770403, 0.682129
21.780403, 0.170166
21.790403, 0.681274
21.800404, -0.341064
21.810404, 0.680786
21.820404, 0.169922
21.830404, 0.169678
21.840405, 0.169067
21.850405, 0.680176
21.860405, -0.340820
21.870405, 0.169678
21.880405, 0.169678
21.890406, 0.680176
21.900406, 0.169434
21.910406, 0.680786
21.920406, 0.169434
21.930407, 0.681030
21.940407, -0.341309
21.950407, 0.680176
21.960407, 0.169434
21.970407, 0.169434
21.980408, 0.169678
21.990408, 0.680542
22.000408, 0.169434
22.010408, 0.680542
22.020409, 0.170166
22.030409, 0.170166
22.040409, 0.169922
22.050409, 0.680542
22.060410, -0.341064
22.070410, 0.681519
22.080410, 0.169678
22.090410, 0.169922
22.100410, 0.170410
22.110411, 0.170166
22.120411, 0.681519
22.130411, 0.169434
22.140411, 0.169922
22.150412, 0.681519
22.160412, -0.340576
22.170412, 0.681519
22.180412, 0.169922
22.190413, 0.681030
22.200413, -0.340576
22.210413, 0.681519
22.220413, -0.341064
22.230413, 0.681274
22.240414, 0.170654
22.250414, 0.681519
22.260414, 0.682129
22.270414, 0.171265
22.280415, -0.340576
22.290415, 0.170654
22.300415, 0.170654
22.310415, 0.681274
22.320415, -0.341064
22.330416, 0.681030
22.340416, -0.340820
22.350416, 0.681763
22.360416, -0.339966
22.370417, 0.681274
22.380417, -0.851685
22.390417, 0.170654
22.400417, -0.341064
22.410418, 0.681519
22.420418, 0.170166
22.430418, 0.681519
22.440418, 0.171265
22.450418, 0.170410
22.460419, 0.171021
22.470419, 0.680786
22.480419, 0.169922
22.490419, 0.169678
22.500420, 0.170166
22.510420, 0.170654
22.520420, -0.341309
22.530420, 0.170166
22.540421, 0.170166
22.550421, 1.191895
22.560421, -0.340576
22.570421, 0.170410
22.580421, 0.170654
22.590422, 0.681519
22.600422, 0.169922
22.610422, 0.680542
22.620422, 0.170166
22.630423, 0.681274
22.640423, 0.169922
22.650423, 0.681763
22.660423, 0.681519
22.670424, 0.170166
22.680424, 0.170654
22.690424, 0.680786
22.700424, 0.169922
22.710424, 0.171021
22.720425, 0.170654
22.730425, 0.170410
22.740425, 0.169067
22.750425, 0.169922
22.760426, 0.169922
22.770426, 0.169922
22.780426, 0.170410
22.790426, 0.170410
22.800426, 0.169922
22.810427, 0.680786
22.820427, -0.340820
22.830427, 0.170654
22.840427, 0.169922
22.850428, 0.681519
22.860428, 0.170166
22.870428, 0.681274
22.880428, 0.170410
22.890429, 0.681274
22.900429, 0.170410
22.910429, 0.170654
22.920429, 0.169922
22.930429, 0.681519
22.940430, 0.170654
22.950430, 0.682129
22.960430, -0.340576
22.970430, 0.169678
22.980431, -0.340332
22.990431, 0.169922
23.000431, -0.340820
23.010431, -0.341309
23.020432, 0.170166
23.030432, 1.192139
23.040432, -0.340820
23.050432, 0.171021
23.060432, 0.169922
23.070433, 0.170410
23.080433, -0.852173
23.090433, 0.680786
23.100433, 0.169922
23.110434, 0.170410
23.120434, 0.169678
23.130434, 0.170166
23.140434, -0.341064
23.150434, 0.681519
23.160435, 0.169678
23.170435, 0.680786
23.180435, 0.170166
23.190435, 0.681030
23.200436, 0.681274
23.210436, 0.681274
23.220436, 0.170654
23.230436, 0.170410
23.240437, -0.341309
23.250437, 0.169678
23.260437, 0.170410
23.270437, 0.681763
23.280437, 0.169922
23.290438, 0.681030
23.300438, 0.169678
23.310438, 0.170410
23.320438, 0.170654
23.330439, 0.169922
23.340439, 0.681274
23.350439, 0.170654
23.360439, 0.170166
23.370440, 0.170166
23.380440, 0.170654
23.390440, 0.169922
23.400440, -0.340576
23.410440, 0.681519
23.420441, 0.171265
23.430441, 0.682373
23.440441, -0.340576
23.450441, 0.681763
23.460442, 0.170654
23.470442, 0.682373
23.480442, 0.170166
23.490442, 0.680786
23.500443, 0.169922
23.510443, 0.169922
23.520443, 0.169678
23.530443, 1.192627
23.540443, 0.170410
23.550444, 0.681030
23.560444, 0.170166
23.570444, 0.681030
23.580444, 0.171021
23.590445, 0.169922
23.600445, 0.680786
23.610445, 0.169922
23.620445, -0.341064
23.630445, 0.169922
23.640446, 0.170410
23.650446, 0.681030
23.660446, -0.340820
23.670446, 0.169922
23.680447, 0.169922
23.690447, 0.170654
23.700447, 0.170410
23.710447, 0.681030
23.720448, 0.170166
23.730448, -0.341064
23.740448, 0.170166
23.750448, 0.169434
23.760448, 0.169922
23.770449, 0.170410
23.780449, 0.681274
23.790449, 0.681519
23.800449, -0.339966
23.810450, 0.171021
23.820450, -0.341064
23.830450, 0.170410
23.840450, 0.170654
23.850451, 0.169922
23.860451, -0.340820
23.870451, 0.170166
23.880451, 0.170654
23.890451, 0.170166
23.900452, 0.170166
23.910452, 0.170654
23.920452, 0.681519
23.930452, 0.681519
23.940453, 0.170166
23.950453, 0.170654
23.960453, 0.681274
23.970453, 0.170166
23.980453, 0.681274
23.990454, 0.169922
24.000454, 0.170410
24.010454, -0.340332
24.020454, 0.681519
24.030455, 0.681274
24.040455, 0.170410
24.050455, 0.170410
24.060455, 0.170166
24.070456, 0.680786
24.080456, 0.681274
24.090456, 0.170166
24.100456, 0.170654
24.110456, 0.681030
24.120457, 0.680786
24.130457, 0.169922
24.140457, 0.169678
24.150457, 0.169678
24.160458, 0.170166
24.170458, 0.169678
24.180458, 0.169678
24.190458, 0.169678
24.200459, 0.170166
24.210459, -0.341064
24.220459, 0.681030
24.230459, -0.340576
24.240459, -0.340576
24.250460, 0.681763
24.260460, -0.339966
24.270460, 0.169922
24.280460, 0.170410
24.290461, 0.170410
24.300461, 0.170166
24.310461, 0.682129
24.320461, 0.170654
24.330462, 0.171021
24.340462, 0.170166
24.350462, 0.170166
24.360462, 0.171021
24.370462, 1.192871
24.380463, 0.170166
24.390463, 0.681274
24.400463, 0.170166
24.410463, 0.681519
24.420464, 0.171021
24.430464, 0.170410
24.440464, 0.169678
24.450464, 0.681274
24.460464, -0.339966
24.470465, 0.170410
24.480465, 0.169678
24.490465, 0.681274
24.500465, -0.341064
24.510466, 0.168823
24.520466, -0.340332
24.530466, -0.341064
24.540466, 0.170166
24.550467, 0.681519
24.560467, 0.170166
24.570467, 0.681274
24.580467, 0.681274
24.590467, 0.681274
24.600468, 0.169922
24.610468, 0.681274
24.620468, 0.170410
24.630468, -0.340820
24.640469, 0.681763
24.650469, 0.680786
24.660469, 0.170166
24.670469, 0.169922
24.680470, -0.340820
24.690470, 0.680786
24.700470, 0.169678
24.710470, 0.681030
24.720470, 0.169922
24.730471, 1.192627
24.740471, -0.341309
24.750471, 0.681274
24.760471, 0.681274
24.770472, 0.681519
24.780472, -0.339966
24.790472, 0.171021
24.800472, 0.681519
24.810472, 0.169922
24.820473, 0.170654
24.830473, 0.681030
24.840473, 0.169922
24.850473, 0.681030
24.860474, 0.169922
24.870474, 0.680786
24.880474, 0.169922
24.890474, 0.681030
24.900475, 0.169434
24.910475, 0.169678
24.920475, 0.170166
24.930475, 1.192871
24.940475, 0.170166
24.950476, 0.171021
24.960476, 0.169922
24.970476, 0.681519
24.980476, 0.171021
24.990477, 0.171021
25.000477, 0.169678
25.010477, 0.170166
25.020477, 0.170410
25.030478, 0.681763
25.040478, 0.170166
25.050478, 0.680786
25.060478, 0.169922
25.070478, 0.681763
25.080479, -0.341064
25.090479, 0.170166
25.100479, -0.340820
25.110479, 0.170410
25.120480, 0.170410
25.130480, 0.681519
25.140480, 0.169922
25.150480, 0.681030
25.160480, 0.170410
25.170481, 0.681763
25.180481, 0.169922
25.190481, -0.340820
25.200481, -0.341064
25.210482, -0.341919
25.220482, 0.170166
25.230482, 0.681763
25.240482, 0.170410
25.250483, 0.681519
25.260483, 0.169678
25.270483, 0.169434
25.280483, 0.170410
25.290483, 0.169922
25.300484, 0.170166
25.310484, 0.681274
25.320484, 0.169678
25.330484, 0.681030
25.340485, 0.170166
25.350485, 0.681763
25.360485, 0.170410
25.370485, 0.170166
25.380486, 0.170166
25.390486, 0.681519
25.400486, 0.170654
25.410486, 0.170654
25.420486, 0.681519
25.430487, 0.681030
25.440487, 0.170166
25.450487, 0.681274
25.460487, 0.170410
25.470488, 0.169678
25.480488, 0.170166
25.490488, 0.170654
25.500488, 0.169922
25.510489, 0.170410
25.520489, -0.341064
25.530489, 0.169922
25.540489, -0.340820
25.550489, 0.169678
25.560490, 0.170166
25.570490, 0.681030
25.580490, 0.169922
25.590490, 0.170410
25.600491, 0.170166
25.610491, 0.681763
25.620491, 0.169922
25.630491, 0.170166
25.640491, 0.170654
25.650492, 0.170654
25.660492, -0.340820
25.670492, 0.169678
25.680492, 0.170166
25.690493, 0.170654
25.700493, 0.170654
25.710493, 0.681763
25.720493, 0.170410
25.730494, 0.171021
25.740494, 0.681519
25.750494, 0.680542
25.760494, 0.169434
25.770494, 0.170410
25.780495, -0.341064
25.790495, 0.681274
25.800495, 0.170166
25.810495, 0.170410
25.820496, 0.169922
25.830496, 0.681519
25.840496, 0.681763
25.850496, 0.170166
25.860497, 0.681763
25.870497, 0.681274
25.880497, 0.170166
25.890497, 0.169678
25.900497, 0.169434
25.910498, 0.169678
25.920498, 0.169434
25.930498, 0.680176
25.940498, 0.170410
25.950499, 0.681030
25.960499, 0.170166
25.970499, 0.169678
25.980499, -0.851440
25.990499, 0.681519
26.000500, -0.340820
26.010500, -0.340820
26.020500, 0.171021
26.030500, 0.681519
26.040501, -0.341553
26.050501, 0.681519
26.060501, -0.341064
26.070501, 0.681519
26.080502, 0.169678
26.090502, 0.681274
26.100502, -0.340576
26.110502, 0.681519
26.120502, -0.340820
26.130503, 0.169434
26.140503, 0.170410
26.150503, 0.170654
26.160503, 0.169678
26.170504, 0.681030
26.180504, -0.340820
26.190504, 0.681763
26.200504, 0.170166
26.210505, 0.169922
26.220505, 0.169678
26.230505, 0.170166
26.240505, -0.341064
26.250505, 0.170166
26.260506, 0.169922
26.270506, 0.170410
26.280506, 0.169678
26.290506, 0.169922
26.300507, 0.171021
26.310507, 0.169678
26.320507, 0.170166
26.330507, 0.170166
26.340508, 0.170410
26.350508, 0.681519
26.360508, 0.170654
26.370508, 0.681274
26.380508, -0.340576
26.390509, 0.171265
26.400509, 0.170410
26.410509, 0.170410
26.420509, 0.170166
26.430510, 0.170654
26.440510, 0.170654
26.450510, 0.682129
26.460510, 0.170166
26.470510, 0.170166
26.480511, 0.169922
26.490511, 0.169434
26.500511, -0.340820
26.510511, 0.681763
26.520512, -0.340332
26.530512, 0.681763
26.540512, 0.170166
26.550512, 0.681030
26.560513, 0.170654
26.570513, 0.170654
26.580513, 0.170410
26.590513, 0.681763
26.600513, 0.169922
26.610514, 0.681519
26.620514, 0.169678
26.630514, 0.169434
26.640514, 0.681274
26.650515, 0.170166
26.660515, 0.682129
26.670515, 0.170410
26.680515, 0.681274
26.690516, 0.681763
26.700516, 0.681763
26.710516, 0.681519
26.720516, 0.170654
26.730516, -0.341064
26.740517, 0.169922
26.750517, 0.170166
26.760517, 0.681030
26.770517, 0.170654
26.780518, 0.170410
26.790518, 0.169678
26.800518, 0.169922
26.810518, 0.681274
26.820518, 0.682129
26.830519, 0.169922
26.840519, 0.170410
26.850519, 0.170166
26.860519, 0.169922
26.870520, 0.681030
26.880520, 0.681030
26.890520, 0.170166
26.900520, 0.169434
26.910521, 0.681030
26.920521, 0.681030
26.930521, 0.681274
26.940521, 0.680786
26.950521, 0.170166
26.960522, 0.169922
26.970522, -0.340576
26.980522, -0.341309
26.990522, -0.341064
27.000523, 0.169678
27.010523, 0.170166
27.020523, 0.171265
27.030523, 0.681519
27.040524, -0.341064
27.050524, 0.681030
27.060524, 0.170654
27.070524, 0.170410
27.080524, 0.169922
27.090525, 0.170410
27.100525, 0.170410
27.110525, 0.681519
27.120525, 0.170166
27.130526, 0.681274
27.140526, 0.681030
27.150526, 0.170166
27.160526, 0.170166
27.170527, 0.681519
27.180527, 0.170410
27.190527, 0.169922
27.200527, 0.681030
27.210527, 0.681519
27.220528, 0.171021
27.230528, -0.340820
27.240528, 1.192383
27.250528, 0.681274
27.260529, 0.170410
27.270529, 0.170166
27.280529, 0.681763
27.290529, 0.680786
27.300529, 0.681030
27.310530, 1.192383
27.320530, 0.170410
27.330530, 0.681274
27.340530, 0.171265
27.350531, 1.192383
27.360531, -0.340576
27.370531, 0.170166
27.380531, 0.681519
27.390532, 0.170654
27.400532, 0.681274
27.410532, 0.680786
27.420532, -0.340820
27.430532, 0.170166
27.440533, 0.169922
27.450533, 0.680786
27.460533, 0.170410
27.470533, 0.169922
27.480534, -0.341064
27.490534, 0.170166
27.500534, -0.340820
27.510534, 0.681519
27.520535, -0.341064
27.530535, 0.169922
27.540535, -0.340576
27.550535, 0.681030
27.560535, 0.169922
27.570536, 0.681274
27.580536, 0.170654
27.590536, 0.169922
27.600536, 0.170166
27.610537, 0.170410
27.620537, 0.170654
27.630537, 0.681519
27.640537, 0.170166
27.650537, 0.681519
27.660538, 0.169922
27.670538, 0.681763
27.680538, 0.169922
27.690538, 0.169922
27.700539, -0.340576
27.710539, 0.681274
27.720539, 0.170166
27.730539, 0.169678
27.740540, 0.170410
27.750540, 0.681519
27.760540, -0.341309
27.770540, 0.681763
27.780540, 0.170410
27.790541, 0.681030
27.800541, 0.169922
27.810541, 0.170166
27.820541, 0.169922
27.830542, 0.681763
27.840542, -0.340576
27.850542, 0.170410
27.860542, 0.169922
27.870543, 0.681763
27.880543, 0.170654
27.890543, 0.681274
27.900543, 0.170654
27.910543, 0.681274
27.920544, 0.170654
27.930544, 0.170166
27.940544, 0.169678
27.950544, 0.681030
27.960545, -0.340820
27.970545, 0.169922
27.980545, -0.340332
27.990545, 0.169922
28.000546, 0.169678
28.010546, 0.170166
28.020546, 0.170410
28.030546, 0.681519
28.040546, -0.340332
28.050547, 0.681519
28.060547, 0.171021
28.070547, 0.170410
28.080547, 0.681519
28.090548, 0.681519
28.100548, 0.681274
28.110548, 0.681519
28.120548, -0.340576
28.130548, 0.170410
28.140549, 0.170410
28.150549, 0.169922
28.160549, 0.170166
28.170549, 0.170166
28.180550, 0.169922
28.190550, 1.192383
28.200550, 0.169922
28.210550, 0.681274
28.220551, 0.170410
28.230551, 0.170410
28.240551, 0.169678
28.250551, 0.169678
28.260551, 0.170166
28.270552, -0.340576
28.280552, -0.341064
28.290552, 0.681274
28.300552, 0.681519
28.310553, 0.681519
28.320553, 0.170410
28.330553, 0.169922
28.340553, 0.169922
28.350554, 0.682129
28.360554, 0.170166
28.370554, 0.681274
28.380554, -0.340576
28.390554, 0.170166
28.400555, 0.170410
28.410555, 0.681763
28.420555, 0.169678
28.430555, 0.681519
28.440556, 0.170166
28.450556, 0.682129
28.460556, 0.170410
28.470556, 0.170410
28.480556, 0.170166
28.490557, 0.681274
28.500557, 0.681274
28.510557, 1.192871
28.520557, 0.169434
28.530558, 0.681030
28.540558, 0.682129
28.550558, 1.192139
28.560558, 0.169067
28.570559, 0.170410
28.580559, -0.340820
28.590559, 0.680786
28.600559, 0.171265
28.610559, 0.169922
28.620560, 0.170166
28.630560, 0.681274
28.640560, 0.681274
28.650560, 0.682373
28.660561, 0.170410
28.670561, 0.681030
28.680561, -0.340820
28.690561, 0.170654
28.700562, -0.341064
28.710562, 0.681030
28.720562, 0.170166
28.730562, 0.681274
28.740562, 0.681274
28.750563, 0.169922
28.760563, -0.341064
28.770563, 0.681519
28.780563, 0.170166
28.790564, 1.192383
28.800564, 0.170654
28.810564, 0.170654
28.820564, 0.170654
28.830564, 0.170654
28.840565, -0.340332
28.850565, -0.340820
28.860565, -0.341064
28.870565, 0.170166
28.880566, 0.681030
28.890566, 1.191895
28.900566, -0.341064
28.910566, 0.681274
28.920567, 0.170410
28.930567, 0.681274
28.940567, 0.169434
28.950567, 0.681274
28.960567, 0.169678
28.970568, 0.681763
28.980568, 0.170654
28.990568, 0.681274
29.000568, 0.170166
29.010569, 0.170166
29.020569, 0.169922
29.030569, 0.681030
29.040569, 0.169678
29.050570, 0.681030
29.060570, 0.169434
29.070570, 0.681030
29.080570, 0.169922
29.090570, 0.681030
29.100571, 0.170410
29.110571, 0.169434
29.120571, 0.681030
29.130571, 0.682129
29.140572, 0.171021
29.150572, 0.681519
29.160572, 0.681763
29.170572, 0.681274
29.180573, 0.170654
29.190573, 0.681274
29.200573, 0.169678
29.210573, 0.681274
29.220573, -0.340332
29.230574, 0.170410
29.240574, 0.169922
29.250574, 0.681030
29.260574, 0.170410
29.270575, 0.681519
29.280575, 0.170166
29.290575, 0.681274
29.300575, 0.680786
29.310575, 0.682373
29.320576, 0.169434
29.330576, 0.170410
29.340576, -0.340820
29.350576, 0.170654
29.360577, 0.170654
29.370577, 0.170166
29.380577, 0.169922
29.390577, 0.681274
29.400578, 0.169922
29.410578, 0.681030
29.420578, 0.169922
29.430578, 0.681030
29.440578, 0.169922
29.450579, -0.340820
29.460579, -0.340820
29.470579, 0.170410
29.480579, 0.169678
29.490580, 0.170166
29.500580, 0.169678
29.510580, 0.680786
29.520580, 0.169922
29.530581, 0.169922
29.540581, -0.340332
29.550581, 0.681030
29.560581, -0.340820
29.570581, 0.170410
29.580582, -0.341064
29.590582, 0.170410
29.600582, 0.170654
29.610582, 0.170166
29.620583, 0.170410
29.630583, 0.681274
29.640583, 0.681519
29.650583, 0.681519
29.660583, -0.340332
29.670584, 0.682373
29.680584, 0.170410
29.690584, 0.170654
29.700584, -0.340576
29.710585, 0.681519
29.720585, 0.170166
29.730585, 0.682129
29.740585, 0.170410
29.750586, 0.681274
29.760586, 0.170410
29.770586, 0.681274
29.780586, -0.341309
29.790586, 0.681274
29.800587, 0.169922
29.810587, 0.680786
29.820587, 0.170166
29.830587, 0.681763
29.840588, 0.170410
29.850588, -0.340576
29.860588, 0.170166
29.870588, 0.170410
29.880589, 0.170654
29.890589, 0.170166
29.900589, 0.681030
29.910589, 0.681274
29.920589, 0.170410
29.930590, 0.169434
29.940590, 0.681519
29.950590, 0.681274
29.960590, 0.681519
29.970591, 0.170166
29.980591, 0.170410
29.990591, -0.851685
30.000591, 0.681763
30.010592, 0.170166
30.020592, 0.681274
30.030592, 0.681519
30.040592, 0.169434
30.050592, -0.340576
30.060593, 0.170654
30.070593, 0.681763
30.080593, 0.170410
30.090593, 0.170410
30.100594, 0.170166
30.110594, 0.170166
30.120594, -0.340820
30.130594, -0.852173
30.140594, -0.340820
30.150595, 0.681519
30.160595, 0.170166
30.170595, 1.192383
30.180595, 0.170410
30.190596, 0.680786
30.200596, 0.169922
30.210596, 0.681030
30.220596, 0.170410
30.230597, 0.169922
30.240597, 0.169922
30.250597, 0.169434
30.260597, 0.170654
30.270597, 0.681274
30.280598, -0.340820
30.290598, 0.681274
30.300598, -0.339722
30.310598, 0.681030
30.320599, 0.170410
30.330599, 0.169922
30.340599, 0.170410
30.350599, 0.170410
30.360600, -0.341553
30.370600, 0.681274
30.380600, -0.340820
30.390600, 0.681274
30.400600, 0.169678
30.410601, 0.682129
30.420601, 0.681274
30.430601, 0.169922
30.440601, 0.681519
30.450602, 0.681519
30.460602, 0.169922
30.470602, 0.681274
30.480602, 0.169678
30.490602, 0.681274
30.500603, 0.170410
30.510603, 0.682129
30.520603, -0.340332
30.530603, 0.681763
30.540604, 0.170410
30.550604, 0.681519
30.560604, 0.170654
30.570604, 0.681519
30.580605, 0.170166
30.590605, 0.681274
30.600605, -0.340820
30.610605, 0.681274
30.620605, 0.170166
30.630606, 0.681519
30.640606, -0.340332
30.650606, 0.682129
30.660606, 0.169922
30.670607, 0.681030
30.680607, 0.170166
30.690607, 0.680786
30.700607, 0.170410
30.710608, 0.170654
30.720608, 0.681274
30.730608, 0.170166
30.740608, 0.170166
30.750608, 0.681274
30.760609, 0.170654
30.770609, 0.681763
30.780609, 0.170166
30.790609, 0.170166
30.800610, 0.170654
30.810610, 0.682129
30.820610, 0.169678
30.830610, 0.169678
30.840611, 0.681519
30.850611, 0.681763
30.860611, 0.171021
30.870611, 0.170654
30.880611, 0.170410
30.890612, 0.681274
30.900612, 0.170166
30.910612, 0.170166
30.920612, 0.170410
30.930613, 1.192627
30.940613, 0.170166
30.950613, 0.681519
30.960613, 0.170410
30.970613, 0.170166
30.980614, 0.170410
30.990614, 0.170166
31.000614, -0.340332
31.010614, 0.170166
31.020615, 0.170166
31.030615, 0.681519
31.040615, -0.341064
31.050615, 0.681519
31.060616, -0.340332
31.070616, 0.681519
31.080616, 0.681030
31.090616, 0.681274
31.100616, -0.340576
31.110617, 1.191895
31.120617, 0.170166
31.130617, 0.170410
31.140617, 0.170410
31.150618, 0.170166
31.160618, 0.170654
31.170618, 1.192871
31.180618, 0.169922
31.190619, 0.680786
31.200619, 0.170166
31.210619, 0.170410
31.220619, -0.341064
31.230619, 0.170410
31.240620, -0.340332
31.250620, 0.170410
31.260620, -0.340576
31.270620, 0.681519
31.280621, 0.169678
31.290621, 0.170166
31.300621, 0.681519
31.310621, 0.681763
31.320621, 0.170166
31.330622, 0.169922
31.340622, 0.169922
31.350622, 0.169678
31.360622, 0.681519
31.370623, 0.169922
31.380623, 0.170166
31.390623, 0.681030
31.400623, -0.341064
31.410624, 1.192139
31.420624, 0.680786
31.430624, 0.681274
31.440624, 0.169922
31.450624, 0.681519
31.460625, 0.170166
31.470625, 0.681274
31.480625, -0.340576
31.490625, 0.681519
31.500626, 0.170410
31.510626, 0.681519
31.520626, 0.170166
31.530626, 0.681274
31.540627, 0.170166
31.550627, 0.681763
31.560627, 0.170654
31.570627, 0.170166
31.580627, -0.340820
31.590628, 0.681763
31.600628, 0.170410
31.610628, 0.681030
31.620628, 0.169678
31.630629, 0.681274
31.640629, 0.170410
31.650629, 0.681030
31.660629, 0.170654
31.670630, 0.170410
31.680630, 0.681519
31.690630, 1.192871
31.700630, 0.170410
31.710630, 0.681519
31.720631, 0.170410
31.730631, 0.681519
31.740631, 0.170166
31.750631, 0.170166
31.760632, -0.340576
31.770632, 0.170410
31.780632, 0.170166
31.790632, 0.682129
31.800632, 0.170166
31.810633, -0.340576
31.820633, 0.170166
31.830633, 0.681274
31.840633, 0.171021
31.850634, 0.681763
31.860634, -0.341309
31.870634, 0.169922
31.880634, 0.680786
31.890635, 0.681763
31.900635, -0.340820
31.910635, 0.170166
31.920635, 0.169922
31.930635, 0.169922
31.940636, -0.340576
31.950636, 0.170654
31.960636, -0.340332
31.970636, 0.681519
31.980637, 0.170654
31.990637, 0.682129
32.000637, 0.170410
32.010635, 0.681274
32.020634, 0.170166
32.030632, 0.681274
32.040630, 0.169922
32.050629, 1.192383
32.060627, -0.340576
32.070625, 0.681274
32.080624, 0.170410
32.090622, 0.681274
32.100620, 0.171021
32.110619, 0.170166
32.120617, 0.170166
32.130615, 0.681030
32.140614, 0.681519
32.150612, 0.170166
32.160610, 0.170166
32.170609, 0.681519
32.180607, 0.169678
32.190605, 0.170166
32.200603, 0.170166
32.210602, 0.170410
32.220600, 0.170410
32.230598, 0.170654
32.240597, 0.170166
32.250595, 0.681519
32.260593, -0.340820
32.270592, 0.680786
32.280590, -0.341064
32.290588, 0.170166
32.300587, 0.170654
32.310585, 0.170166
32.320583, 0.680786
32.330582, 0.170166
32.340580, 0.170654
32.350578, 0.169678
32.360577, 0.169922
32.370575, 0.170166
32.380573, -0.341064
32.390572, 1.192627
32.400570, 0.170654
32.410568, 0.681763
32.420567, 0.170166
32.430565, 0.681519
32.440563, 0.170166
32.450562, 1.192627
32.460560, 0.170410
32.470558, 0.681519
32.480556, 0.170166
32.490555, 0.169922
32.500553, 0.170654
32.510551, -0.340576
32.520550, -0.340576
32.530548, 0.682129
32.540546, 0.169922
32.550545, 0.681030
32.560543, 0.681030
32.570541, 0.170166
32.580540, 0.169678
32.590538, 0.681763
32.600536, 0.170654
32.610535, 0.681519
32.620533, 0.169922
32.630531, 0.681030
32.640530, -0.340820
32.650528, 0.681519
32.660526, 0.170654
32.670525, 0.170654
32.680523, -0.340576
32.690521, 0.681519
32.700520, 0.169922
32.710518, 0.680786
32.720516, -0.341064
32.730515, 0.681763
32.740513, 0.681030
32.750511, 0.170410
32.760509, 0.681030
32.770508, 1.192627
32.780506, 0.170166
32.790504, 1.192383
32.800503, 0.170410
32.810501, 1.192383
32.820499, 0.170166
32.830498, 0.681519
32.840496, -0.340820
32.850494, 0.681519
32.860493, 0.170166
32.870491, 0.169678
32.880489, 0.681519
32.890488, 1.192383
32.900486, 0.170166
32.910484, 0.170410
32.920483, 0.170654
32.930481, 0.170166
32.940479, 0.169922
32.950478, 0.680542
32.960476, 0.170166
32.970474, 0.170166
32.980473, 0.681030
32.990471, 0.681763
33.000469, 0.170410
33.010468, 0.681763
33.020466, 0.170410
33.030464, 0.170410
33.040462, 0.681763
33.050461, -0.339966
33.060459, 0.170166
33.070457, 0.169678
33.080456, -0.340332
33.090454, 0.681763
33.100452, -0.341064
33.110451, 0.170166
33.120449, 0.169678
33.130447, -0.341064
33.140446, 0.169678
33.150444, 0.681030
33.160442, 0.169922
33.170441, 0.170166
33.180439, -0.340332
33.190437, 0.170654
33.200436, 0.681030
33.210434, 0.681274
33.220432, 0.170410
33.230431, 0.170410
33.240429, 0.681519
33.250427, 0.169922
33.260426, 0.170410
33.270424, 0.170166
33.280422, 0.170654
33.290421, 0.681274
33.300419, 0.170654
33.310417, 0.169922
33.320415, 0.170410
33.330414, 0.681030
33.340412, 0.681274
33.350410, 0.170410
33.360409, 0.169678
33.370407, 1.192383
33.380405, 0.170654
33.390404, 0.681519
33.400402, 0.169434
33.410400, 0.681519
33.420399, 0.680786
33.430397, 0.680176
33.440395, 0.170166
33.450394, 0.681030
33.460392, 0.170410
33.470390, 0.170410
33.480389, 0.170166
33.490387, -0.341064
33.500385, 0.170166
33.510384, 0.170166
33.520382, 0.681030
33.530380, 0.169922
33.540379, 0.170166
33.550377, 0.681519
33.560375, 0.681274
33.570374, 0.169678
33.580372, 0.169922
33.590370, 0.169678
33.600368, 0.681274
33.610367, 0.681274
33.620365, -0.340332
33.630363, 0.681519
33.640362, 0.682129
33.650360, 0.681274
33.660358, -0.339722
33.670357, 0.170654
33.680355, 0.170166
33.690353, 0.170166
33.700352, 0.170654
33.710350, 0.171265
33.720348, 0.170166
33.730347, 0.680786
33.740345, 0.170166
33.750343, 0.169922
33.760342, -0.341064
33.770340, 0.682129
33.780338, 0.170410
33.790337, 1.193237
33.800335, 0.171021
33.810333, 0.170654
33.820332, 0.170166
33.830330, 0.680542
33.840328, 0.682129
33.850327, 0.681274
33.860325, 0.170166
33.870323, 0.681274
33.880322, -0.341553
33.890320, 0.169678
33.900318, -0.341064
33.910316, 1.192139
33.920315, 0.170410
33.930313, 0.681519
33.940311, 0.170166
33.950310, 0.681274
33.960308, 0.169922
33.970306, 0.170410
33.980305, 0.170166
33.990303, 0.170166
34.000301, -0.340576
34.010300, -0.340332
34.020298, 0.170166
34.030296, 0.681030
34.040295, 0.169434
34.050293, 0.681763
34.060291, 0.169922
34.070290, 0.170166
34.080288, 0.169434
34.090286, 0.170166
34.100285, 0.169678
34.110283, 0.169922
34.120281, 0.170410
34.130280, 1.192139
34.140278, 0.170654
34.150276, 0.170410
34.160275, -0.340576
34.170273, 0.170166
34.180271, 0.169434
34.190269, 0.681030
34.200268, 0.170410
34.210266, 0.170654
34.220264, -0.340576
34.230263, 0.681519
34.240261, 0.170166
34.250259, 0.169922
34.260258, -0.341064
34.270256, 0.681030
34.280254, 0.170410
34.290253, 0.681274
34.300251, 0.170410
34.310249, 0.170166
34.320248, -0.341309
34.330246, 0.681030
34.340244, 0.171265
34.350243, 0.681763
34.360241, -0.339966
34.370239, 1.703369
34.380238, 0.171021
34.390236, 0.169922
34.400234, 0.170410
34.410233, 0.681763
34.420231, 0.170410
34.430229, -0.341309
34.440228, 0.170166
34.450226, 0.170410
34.460224, 0.170166
34.470222, -0.340332
34.480221, 0.170166
34.490219, 0.170654
34.500217, 0.170166
34.510216, 0.680786
34.520214, 0.681274
34.530212, 0.681274
34.540211, 0.170410
34.550209, 0.681030
34.560207, 0.170410
34.570206, 0.169678
34.580204, 0.170410
34.590202, 0.169922
34.600201, 0.170410
34.610199, 0.681274
34.620197, 0.169678
34.630196, 0.169434
34.640194, 0.169678
34.650192, 0.170410
34.660191, 0.170410
34.670189, 0.681519
34.680187, 0.681763
34.690186, 0.681274
34.700184, -0.341309
34.710182, 0.681274
34.720181, 0.170410
34.730179, 0.681274
34.740177, 0.681274
34.750175, 0.170166
34.760174, 0.169922
34.770172, 0.170654
34.780170, 0.170166
34.790169, 0.681763
34.800167, 0.170166
34.810165, 0.170410
34.820164, 0.681763
34.830162, 0.170410
34.840160, 0.170410
34.850159, 0.681030
34.860157, 0.169678
34.870155, 0.169067
34.880154, -0.341064
34.890152, 0.681763
34.900150, 0.170166
34.910149, 0.169678
34.920147, 0.170410
34.930145, 0.170166
34.940144, 0.681519
34.950142, 0.171021
34.960140, 0.681030
34.970139, 0.170166
34.980137, -0.340332
34.990135, 0.170654
