t, uk
0.000000, 0.000372
0.020000, -0.000426
0.030000, -0.000692
0.040000, -0.000160
0.050000, 0.000372
0.060000, -0.001225
0.070000, 0.000372
0.080000, 0.000106
0.090000, 0.000372
0.100000, 0.000639
0.110000, -0.000426
0.120000, 0.000106
0.130000, 0.000106
0.140000, 0.000106
0.150000, 0.000639
0.160000, -0.000692
0.170000, -0.000958
0.180000, -0.000426
0.190000, -0.000160
0.200000, -0.000426
0.210000, 0.000106
0.220000, -0.000160
0.230000, -0.000692
0.240000, 0.000106
0.250000, 0.000372
0.260000, 0.000106
0.270000, -0.000160
0.280000, 0.000106
0.300000, 0.000106
0.310000, 0.000106
0.320000, -0.000160
0.330000, -0.000692
0.340000, -0.000426
0.350000, 0.000372
0.360000, -0.000160
0.370000, -0.000958
0.380000, -0.000160
0.390000, -0.000160
0.400000, -0.000160
0.410000, -0.000426
0.420000, 0.000106
0.430000, 0.000372
0.440000, -0.000160
0.450000, -0.000160
0.460000, -0.000426
0.470000, 0.000106
0.480000, 0.000639
0.490000, -0.000692
0.500000, -0.000426
0.510000, -0.000160
0.520000, 0.000372
0.530000, -0.000160
0.540000, -0.000160
0.550000, 0.000106
0.560000, 0.000372
0.570000, -0.000692
0.580000, -0.000160
0.590000, -0.000426
0.600000, 0.000639
0.610000, -0.000160
0.620000, -0.000692
0.630000, -0.000160
0.640000, 0.000639
0.650000, 0.000106
0.660000, 0.000106
0.670000, 0.000106
0.680000, 0.000372
0.690000, -0.000160
0.700000, -0.000160
0.710000, -0.000160
0.720000, -0.000160
0.730000, -0.000426
0.740000, -0.000160
0.750000, 0.000106
0.760000, -0.000160
0.770000, -0.000426
0.780000, -0.000160
0.790000, 0.000106
0.800000, -0.000692
0.810000, -0.000160
0.820000, -0.000160
0.830000, 0.000372
0.839999, 0.000372
0.849999, -0.000160
0.859999, 0.000372
0.869999, -0.000160
0.879999, 0.000372
0.889999, 0.000639
0.899999, 0.000372
0.909999, -0.000692
0.919999, 0.000106
0.929999, 0.000106
0.939999, -0.000160
0.949999, -0.000426
0.959999, -0.000426
0.969999, -0.000426
0.979999, -0.000160
0.989999, -0.000426
0.999999, -0.000426
1.009999, 0.000106
1.019999, 0.000106
1.029999, 0.000106
1.039999, 0.000639
1.049999, -0.000160
1.059999, -0.000160
1.069999, 0.000106
1.079999, -0.000160
1.089999, 0.000106
1.099999, 0.000106
1.109999, 0.000106
1.119999, 0.001171
1.129999, -0.000160
1.139999, -0.000160
1.149999, -0.000160
1.159999, 0.000106
1.169999, -0.000160
1.179999, 0.000372
1.189999, 0.000372
1.199999, 0.000905
1.209999, 0.000106
1.219999, 0.000106
1.229999, 0.000106
1.239999, -0.000426
1.249999, -0.000160
1.259999, 0.000372
1.269999, -0.000160
1.279999, -0.000160
1.289999, -0.000692
1.299999, -0.000692
1.309999, -0.000426
1.319999, -0.000160
1.329999, -0.000160
1.339999, 0.000905
1.349999, -0.000160
1.359999, 0.000372
1.369999, 0.000106
1.379999, 0.000639
1.389999, -0.000426
1.399999, -0.000160
1.409999, -0.000160
1.419999, 0.000106
1.429999, -0.000160
1.439999, -0.000160
1.449999, -0.000160
1.459999, 0.000372
1.469999, 0.000639
1.479999, 0.000372
1.489999, 0.000372
1.499999, 0.000106
1.509999, -0.000160
1.519999, 0.000372
1.529999, 0.000372
1.539999, 0.000106
1.549999, -0.000160
1.559999, -0.000692
1.569999, -0.000160
1.579999, 0.000106
1.589999, -0.000160
1.599999, -0.000160
1.609999, -0.000160
1.619999, -0.000426
1.629999, -0.000426
1.639999, 0.000372
1.649999, -0.000160
1.659999, -0.000160
1.669999, 0.000372
1.679999, 0.000372
1.689999, 0.000106
1.699999, -0.000692
1.709999, 0.000106
1.719999, 0.000639
1.729999, -0.000160
1.739999, -0.000160
1.749999, -0.000160
1.759999, -0.000692
1.769999, -0.000160
1.779999, 0.000106
1.789999, 0.000106
1.799999, 0.000372
1.809999, 0.000106
1.819999, 0.000106
1.829999, -0.000160
1.839999, 0.000106
1.849999, 0.000372
1.859999, -0.000426
1.869999, 0.000639
1.879999, 0.000372
1.889999, -0.000426
1.899999, 0.000106
1.909999, 0.000905
1.919999, 0.000372
1.929999, 0.000905
1.939999, 0.000106
1.949998, 0.000106
1.959998, -0.000426
1.969998, -0.000426
1.979998, -0.000426
1.989998, 0.000372
1.999998, -0.000160
2.009999, -0.000426
2.019999, 0.000372
2.029999, 0.000106
2.039999, 0.000372
2.049999, -0.000426
2.059999, -0.000160
2.069999, -0.000160
2.079998, 0.000106
2.089998, -0.000692
2.099998, -0.000160
2.109998, 0.000106
2.119998, 0.000106
2.129998, 0.000106
2.139998, 0.000372
2.149998, -0.000160
2.159998, -0.000426
2.169998, 0.000372
2.179998, 0.000372
2.189998, 0.001171
2.199998, -0.000160
2.209998, -0.000692
2.219998, 0.000106
2.229998, 0.000905
2.239998, 0.000106
2.249998, -0.000160
2.259998, 0.000106
2.269998, 0.000372
2.279998, 0.000639
2.289998, 0.000106
2.299998, -0.000160
2.309998, 0.000372
2.319998, 0.000372
2.329998, 0.000106
2.339998, 0.000372
2.349998, -0.000426
2.359998, -0.000160
2.369998, 0.000106
2.379998, 0.000639
2.389998, 0.000106
2.399998, 0.000106
2.409998, 0.000639
2.419998, 0.000106
2.429998, 0.000106
2.439998, 0.000639
2.449998, -0.000160
2.459998, -0.000160
2.469998, -0.000426
2.479998, 0.000106
2.489998, -0.000958
2.499998, -0.000426
2.509998, -0.000426
2.519998, 0.000106
2.529998, -0.000160
2.539998, 0.000106
2.549998, -0.000426
2.559998, -0.000426
2.569998, -0.000160
2.579998, -0.000160
2.589998, 0.000106
2.599998, -0.000426
2.609998, 0.000372
2.619998, 0.000106
2.629998, -0.000160
2.639998, 0.000106
2.649998, -0.000160
2.659998, -0.000426
2.669998, -0.000160
2.679998, 0.000372
2.689998, -0.000426
2.699998, -0.000692
2.709998, 0.000106
2.719998, 0.000372
2.729998, -0.000160
2.739998, -0.000692
2.749998, 0.000372
2.759998, -0.000426
2.769998, 0.000372
2.779998, -0.000160
2.789998, 0.000106
2.799998, 0.000106
2.809998, 0.000372
2.819998, -0.000426
2.829998, 0.000372
2.839998, -0.000160
2.849998, 0.000106
2.859998, -0.000160
2.869998, -0.000160
2.879998, -0.000160
2.889998, 0.000106
2.899998, 0.000106
2.909998, 0.000106
2.919998, 0.000372
2.929998, -0.000426
2.939998, -0.000160
2.949998, -0.000692
2.959998, -0.000692
2.969998, 0.000372
2.979998, -0.000426
2.989998, -0.000426
2.999998, -0.000426
3.009998, -0.000160
3.019998, 0.000106
3.029998, -0.000160
3.039998, 0.000106
3.049998, -0.000160
3.059998, 0.000106
3.069998, 0.000372
3.079998, 0.000372
3.089998, -0.000160
3.099998, -0.000426
3.109998, -0.000160
3.119998, 0.000106
3.129997, 0.000106
3.139997, -0.000426
3.149997, 0.000106
3.159997, 0.000106
3.169997, 0.000905
3.179997, 0.000106
3.189997, -0.000160
3.199997, 0.000372
3.209997, -0.000160
3.219997, 0.000639
3.229997, -0.000160
3.239997, 0.000372
3.249997, 0.000372
3.259997, -0.000160
3.269997, -0.000160
3.279997, -0.000160
3.289997, 0.000372
3.299997, 0.000106
3.309997, 0.000372
3.319997, 0.000372
3.329997, -0.000160
3.339997, 0.000106
3.349997, 0.000372
3.359997, 0.000372
3.369997, 0.000639
3.379997, 0.000106
3.389997, 0.000372
3.399997, -0.000160
3.409997, -0.000160
3.419997, 0.000372
3.429997, 0.000639
3.439997, -0.000160
3.449997, -0.000160
3.459997, 0.000106
3.469997, -0.000958
3.479997, -0.000958
3.489997, -0.002023
3.499997, -0.003354
3.509997, -0.038490
3.519997, -0.084273
3.529997, -0.224284
3.539997, -0.284441
3.549997, -0.534385
3.559997, -0.618765
3.569997, -0.823458
3.579997, -0.893197
3.589997, -1.099488
3.599997, -1.155918
3.609997, -1.385100
3.619997, -1.469479
3.629997, -1.667252
3.639997, -1.754559
3.649997, -1.943547
3.659997, -1.992259
3.669997, -2.189765
3.679997, -2.237411
3.689997, -2.405638
3.699997, -2.475910
3.709997, -2.635885
3.719997, -2.671553
3.729997, -2.836585
3.739997, -2.867728
3.749997, -2.985646
3.759997, -3.014660
3.769997, -3.118205
3.779997, -3.150679
3.789997, -3.234792
3.799997, -3.252892
3.809997, -3.321034
3.819997, -3.334077
3.829997, -3.374803
3.839997, -3.380925
3.849997, -3.391040
3.859997, -3.386515
3.869997, -3.372141
3.879997, -3.361494
3.889997, -3.314114
3.899997, -3.294150
3.909997, -3.224677
3.919997, -3.191138
3.929997, -3.084133
3.939997, -3.033293
3.949997, -2.856815
3.959997, -2.821679
3.969997, -2.653985
3.979997, -2.576792
3.989997, -2.378488
3.999997, -2.329776
4.009997, -2.082494
4.019997, -2.028992
4.029997, -1.786767
4.039998, -1.693337
4.049998, -1.430883
4.059998, -1.336389
4.069998, -1.057431
4.079998, -0.990620
4.089999, -0.711928
4.099999, -0.644052
4.109999, -0.362965
4.119999, -0.293758
4.130000, 0.022199
4.140000, 0.089011
4.150000, 0.350933
4.160000, 0.440902
4.170001, 0.671149
4.180001, 0.725982
4.190001, 0.938128
4.200001, 1.032090
4.210001, 1.191799
4.220002, 1.246100
4.230002, 1.430031
4.240002, 1.481670
4.250002, 1.648831
4.260003, 1.690888
4.270003, 1.815993
4.280003, 1.853791
4.290003, 1.989543
4.300004, 2.032664
4.310004, 2.154043
4.320004, 2.196100
4.330004, 2.290860
4.340004, 2.316946
4.350005, 2.399462
4.360005, 2.417296
4.370005, 2.487035
4.380005, 2.502740
4.390006, 2.554379
4.400006, 2.566091
4.410006, 2.600961
4.420006, 2.608680
4.430007, 2.623320
4.440007, 2.623852
4.450007, 2.618529
4.460007, 2.615068
4.470007, 2.595903
4.480008, 2.582328
4.490008, 2.544530
4.500008, 2.525631
4.510008, 2.467870
4.520009, 2.451367
4.530009, 2.378167
4.540009, 2.355010
4.550009, 2.264242
4.560009, 2.227509
4.570010, 2.120770
4.580010, 2.078181
4.590010, 1.956803
4.600010, 1.924861
4.610011, 1.790972
4.620011, 1.756102
4.630011, 1.611566
4.640011, 1.555668
4.650012, 1.401017
4.660012, 1.361356
4.670012, 1.177691
4.680012, 1.135901
4.690012, 0.965545
4.700013, 0.921625
4.710013, 0.744348
4.720013, 0.699896
4.730013, 0.496800
4.740014, 0.451283
4.750014, 0.267884
4.760014, 0.199210
4.770014, 0.015012
4.780015, -0.031569
4.790015, -0.213903
4.800015, -0.259420
4.810015, -0.437229
4.820015, -0.503508
4.830016, -0.677324
4.840016, -0.742805
4.850016, -0.910233
4.860016, -0.951491
4.870017, -1.115192
4.880017, -1.155119
4.890017, -1.309238
4.900017, -1.347302
4.910017, -1.495299
4.920018, -1.548535
4.930018, -1.684554
4.940018, -1.734063
4.950018, -1.858370
4.960019, -1.887916
4.970019, -2.001043
4.980019, -2.027128
4.990019, -2.126680
5.000020, -2.160751
5.010020, -2.243534
5.020020, -2.271749
5.030020, -2.338294
5.040020, -2.352668
5.050021, -2.403775
5.060021, -2.415487
5.070021, -2.450356
5.080021, -2.458076
5.090022, -2.472449
5.100022, -2.475377
5.110022, -2.473780
5.120022, -2.468457
5.130023, -2.442637
5.140023, -2.432256
5.150023, -2.394990
5.160023, -2.377156
5.170023, -2.313806
5.180024, -2.284792
5.190024, -2.188967
5.200024, -2.167140
5.210024, -2.065725
5.220025, -2.017280
5.230025, -1.888182
5.240025, -1.853046
5.250025, -1.692006
5.260026, -1.653942
5.270026, -1.474004
5.280026, -1.407725
5.290026, -1.232578
5.300026, -1.151127
5.310027, -0.957879
5.320027, -0.908636
5.330027, -0.705273
5.340027, -0.650440
5.350028, -0.447078
5.360028, -0.395173
5.370028, -0.177703
5.380028, -0.099712
5.390028, 0.100456
5.400029, 0.178980
5.410029, 0.367968
5.420029, 0.411622
5.430029, 0.599014
5.440030, 0.646660
5.450030, 0.797585
5.460030, 0.843102
5.470030, 1.000414
5.480031, 1.029694
5.490031, 1.178223
5.500031, 1.212295
5.510031, 1.320364
5.520031, 1.347515
5.530032, 1.457980
5.540032, 1.479008
5.550032, 1.581754
5.560032, 1.615293
5.570033, 1.695147
5.580033, 1.717506
5.590033, 1.795763
5.600033, 1.811202
5.610034, 1.874021
5.620034, 1.887330
5.630034, 1.926458
5.640034, 1.937372
5.650034, 1.972774
5.660035, 1.981558
5.670035, 1.999924
5.680035, 2.004982
5.690035, 2.004183
5.700036, 2.003118
5.710036, 1.995399
5.720036, 1.990342
5.730036, 1.966652
5.740036, 1.955206
5.750037, 1.916077
5.760037, 1.904631
5.770037, 1.855388
5.780037, 1.833827
5.790038, 1.769411
5.800038, 1.752908
5.810038, 1.676780
5.820038, 1.658680
5.830039, 1.571107
5.840039, 1.535971
5.850039, 1.436685
5.860039, 1.399154
5.870039, 1.291084
5.880040, 1.263401
5.890040, 1.148411
5.900040, 1.118599
5.910040, 0.993760
5.920041, 0.962084
5.930041, 0.833519
5.940041, 0.783211
5.950041, 0.648789
5.960042, 0.597416
5.970042, 0.457139
5.980042, 0.422269
5.990042, 0.279862
6.000042, 0.244460
6.010043, 0.102320
6.020043, 0.066918
6.030043, -0.094920
6.040043, -0.148423
6.050044, -0.288168
6.060044, -0.322771
6.070044, -0.459322
6.080044, -0.493393
6.090044, -0.626750
6.100045, -0.658692
6.110045, -0.787790
6.120045, -0.832242
6.130045, -0.956548
6.140046, -1.000202
6.150046, -1.115458
6.160046, -1.142609
6.170046, -1.250678
6.180047, -1.275966
6.190047, -1.374186
6.200047, -1.398409
6.210047, -1.487047
6.220047, -1.519255
6.230048, -1.596181
6.240048, -1.623332
6.250048, -1.688812
6.260048, -1.704517
6.270049, -1.758552
6.280049, -1.771595
6.290049, -1.812586
6.300049, -1.825629
6.310050, -1.855175
6.320050, -1.862362
6.330050, -1.878067
6.340050, -1.880196
6.350050, -1.880196
6.360051, -1.878599
6.370051, -1.869017
6.380051, -1.862362
6.390051, -1.835744
6.400052, -1.822968
6.410052, -1.779314
6.420052, -1.759616
6.430052, -1.699193
6.440053, -1.682690
6.450053, -1.611087
6.460053, -1.579412
6.470053, -1.501155
6.480053, -1.473472
6.490054, -1.363805
6.500054, -1.325741
6.510054, -1.204363
6.520054, -1.155652
6.530055, -1.026554
6.540055, -0.984764
6.550055, -0.842090
6.560055, -0.801365
6.570055, -0.647778
6.580056, -0.608916
6.590056, -0.453466
6.600056, -0.390647
6.610056, -0.210975
6.620057, -0.169983
6.630057, -0.007613
6.640057, 0.032314
6.650057, 0.184570
6.660058, 0.223698
6.670058, 0.376752
6.680058, 0.424931
6.690058, 0.557223
6.700058, 0.599546
6.710059, 0.722255
6.720059, 0.747010
6.730059, 0.860936
6.740059, 0.887554
6.750060, 0.980717
6.760060, 1.001745
6.770060, 1.104491
6.780060, 1.120728
6.790061, 1.208834
6.800061, 1.234121
6.810061, 1.300134
6.820061, 1.318501
6.830061, 1.379722
6.840062, 1.391168
6.850062, 1.443872
6.860062, 1.456649
6.870062, 1.491785
6.880063, 1.509353
6.890063, 1.538366
6.900063, 1.543158
6.910063, 1.561258
6.920063, 1.564718
6.930064, 1.569510
6.940064, 1.569243
6.950064, 1.565783
6.960064, 1.562855
6.970065, 1.545287
6.980065, 1.538100
6.990065, 1.510683
7.000065, 1.502964
7.010066, 1.464900
7.020066, 1.455052
7.030066, 1.408470
7.040066, 1.395959
7.050066, 1.340594
7.060067, 1.325688
7.070067, 1.252488
7.080067, 1.226668
7.090067, 1.150807
7.100068, 1.131908
7.110068, 1.049924
7.120068, 1.029162
7.130068, 0.938661
7.140069, 0.915769
7.150069, 0.819678
7.160069, 0.782678
7.170069, 0.667688
7.180069, 0.642667
7.190070, 0.537260
7.200070, 0.510109
7.210070, 0.400176
7.220070, 0.373292
7.230071, 0.261230
7.240071, 0.233015
7.250071, 0.106312
7.260071, 0.063723
7.270072, -0.049403
7.280072, -0.076820
7.290072, -0.188350
7.300072, -0.216299
7.310072, -0.325167
7.320073, -0.351253
7.330073, -0.457459
7.340073, -0.495523
7.350073, -0.609714
7.360074, -0.634203
7.370074, -0.730294
7.380074, -0.752920
7.390074, -0.843421
7.400074, -0.865781
7.410075, -0.950958
7.420075, -0.982102
7.430075, -1.059294
7.440075, -1.086445
7.450076, -1.155386
7.460076, -1.172421
7.470076, -1.233377
7.480076, -1.247484
7.490077, -1.300454
7.500077, -1.312965
7.510077, -1.357151
7.520077, -1.374719
7.530077, -1.406927
7.540078, -1.414380
7.550078, -1.435940
7.560078, -1.441796
7.570078, -1.453774
7.580079, -1.454839
7.590079, -1.458832
7.600079, -1.456436
7.610079, -1.446854
7.620080, -1.443127
7.630080, -1.422631
7.640080, -1.415444
7.650080, -1.384567
7.660080, -1.374452
7.670081, -1.331331
7.680081, -1.318555
7.690081, -1.264520
7.700081, -1.232844
7.710082, -1.169227
7.720082, -1.151659
7.730082, -1.072337
7.740082, -1.051575
7.750082, -0.955217
7.760083, -0.932326
7.770083, -0.841292
7.780083, -0.801099
7.790083, -0.683979
7.800084, -0.657095
7.810084, -0.542637
7.820084, -0.513357
7.830084, -0.395439
7.840085, -0.364828
7.850085, -0.246377
7.860085, -0.214169
7.870085, -0.090129
7.880085, -0.029706
7.890086, 0.094867
7.900086, 0.122283
7.910086, 0.237806
7.920086, 0.262561
7.930087, 0.372494
7.940087, 0.396184
7.950087, 0.491476
7.960087, 0.515167
7.970088, 0.613387
7.980088, 0.644530
7.990088, 0.729176
8.000088, 0.748341
8.010088, 0.818879
8.020088, 0.837778
8.030088, 0.900863
8.040089, 0.915503
8.050089, 0.980451
8.060089, 1.000681
8.070089, 1.049658
8.080090, 1.069622
8.090090, 1.112743
8.100090, 1.120728
8.110090, 1.159058
8.120090, 1.167310
8.130091, 1.192065
8.140091, 1.197921
8.150091, 1.218150
8.160091, 1.223740
8.170092, 1.234121
8.180092, 1.235186
8.190092, 1.233855
8.200092, 1.233057
8.210093, 1.225870
8.220093, 1.222143
8.230093, 1.205108
8.240093, 1.197921
8.250093, 1.168641
8.260094, 1.161454
8.270094, 1.128448
8.280094, 1.119131
8.290094, 1.077607
8.300095, 1.067226
8.310095, 1.018781
8.320095, 1.006537
8.330095, 0.951970
8.340096, 0.922956
8.350096, 0.859871
8.360096, 0.844432
8.370096, 0.777621
8.380096, 0.759255
8.390097, 0.686055
8.400097, 0.667688
8.410097, 0.589165
8.420097, 0.570000
8.430098, 0.488282
8.440098, 0.446758
8.450098, 0.361314
8.460098, 0.339487
8.470098, 0.252712
8.480099, 0.230619
8.490099, 0.141981
8.500099, 0.119355
8.510099, 0.029919
8.520100, 0.008092
8.530100, -0.091992
8.540100, -0.124466
8.550100, -0.212306
8.560101, -0.233601
8.570101, -0.316649
8.580101, -0.337145
8.590101, -0.418597
8.600101, -0.438028
8.610102, -0.516551
8.620102, -0.553816
8.630102, -0.627016
8.640102, -0.644318
8.650103, -0.713259
8.660103, -0.730294
8.670103, -0.788854
8.680103, -0.806955
8.690104, -0.864982
8.700104, -0.877759
8.710104, -0.930729
8.720104, -0.954685
8.730104, -0.998605
8.740105, -1.008454
8.750105, -1.044654
8.760105, -1.053172
8.770105, -1.081653
8.780106, -1.088308
8.790106, -1.111199
8.800106, -1.115192
8.810106, -1.130897
8.820107, -1.132760
8.830107, -1.138084
8.840107, -1.138616
8.850107, -1.134091
8.860107, -1.132494
8.870108, -1.120250
8.880108, -1.117056
8.890108, -1.097092
8.900108, -1.085380
8.910109, -1.055302
8.920109, -1.046784
8.930109, -1.006324
8.940109, -0.994612
8.950109, -0.946433
8.960110, -0.933657
8.970110, -0.878025
8.980110, -0.863917
8.990110, -0.800832
9.000111, -0.770488
9.010111, -0.697554
9.020111, -0.680519
9.030111, -0.597470
9.040112, -0.577240
9.050112, -0.499516
9.060112, -0.479286
9.070112, -0.387986
9.080112, -0.347260
9.090113, -0.256226
9.100113, -0.232802
9.110113, -0.143099
9.120113, -0.119675
9.130114, -0.026778
9.140114, -0.004153
9.150114, 0.085817
9.160114, 0.108708
9.170115, 0.193886
9.180115, 0.225295
9.190115, 0.315531
9.200115, 0.334430
9.210115, 0.409759
9.220116, 0.428125
9.230116, 0.491210
9.240116, 0.505318
9.250116, 0.573992
9.260117, 0.586237
9.270117, 0.644264
9.280117, 0.675141
9.290117, 0.722788
9.300117, 0.734500
9.310118, 0.784009
9.320118, 0.794657
9.330118, 0.832987
9.340118, 0.842835
9.350119, 0.876108
9.360119, 0.883827
9.370119, 0.916567
9.380119, 0.924553
9.390120, 0.943984
9.400120, 0.948243
9.410120, 0.960487
9.420120, 0.962617
9.430120, 0.969005
9.440121, 0.970070
9.450121, 0.969005
9.460121, 0.969005
9.470121, 0.958890
9.480122, 0.956228
9.490122, 0.942387
9.500122, 0.937596
9.510122, 0.915769
9.520123, 0.910179
9.530123, 0.883561
9.540123, 0.875309
9.550123, 0.842037
9.560123, 0.825001
9.570124, 0.784276
9.580124, 0.773362
9.590124, 0.729176
9.600124, 0.717198
9.610125, 0.667688
9.620125, 0.655444
9.630125, 0.601409
9.640125, 0.587302
9.650126, 0.522353
9.660126, 0.499728
9.670126, 0.438773
9.680126, 0.423334
9.690126, 0.359983
9.700127, 0.343214
9.710127, 0.276935
9.720127, 0.259899
9.730127, 0.190958
9.740128, 0.164606
9.750128, 0.086349
9.760128, 0.069313
9.770128, -0.001225
9.780128, -0.018526
9.790129, -0.086935
9.800129, -0.105035
9.810129, -0.172645
9.820129, -0.189681
9.830130, -0.254629
9.840130, -0.287103
9.850130, -0.350188
9.860130, -0.365626
9.870131, -0.425783
9.880131, -0.440956
9.890131, -0.496588
9.900131, -0.510695
9.910131, -0.564464
9.920132, -0.576708
9.930132, -0.631807
9.940132, -0.648843
9.950132, -0.692231
9.960133, -0.702612
9.970133, -0.740676
9.980133, -0.752121
9.990133, -0.779006
10.000134, -0.785394
10.010134, -0.817069
10.020134, -0.825853
10.030134, -0.850076
10.040134, -0.853536
10.050135, -0.869241
10.060135, -0.872169
10.070135, -0.880154
10.080135, -0.882284
10.090136, -0.884413
10.100136, -0.883349
10.110136, -0.878823
10.120136, -0.876694
10.130136, -0.864716
10.140137, -0.861256
10.150137, -0.843155
10.160137, -0.838364
10.170137, -0.812544
10.180138, -0.802429
10.190138, -0.767826
10.200138, -0.758776
10.210138, -0.720446
10.220139, -0.709532
10.230139, -0.665080
10.240139, -0.652836
10.250139, -0.601995
10.260139, -0.588154
10.270140, -0.525601
10.280140, -0.503242
10.290140, -0.443617
10.300140, -0.428179
10.310141, -0.366691
10.320141, -0.350720
10.330141, -0.282046
10.340141, -0.265809
10.350142, -0.193141
10.360142, -0.158538
10.370142, -0.092259
10.380142, -0.072827
10.390142, -0.002556
10.400143, 0.014480
10.410143, 0.083687
10.420143, 0.100723
10.430143, 0.164872
10.440144, 0.189627
10.450144, 0.261230
10.460144, 0.276935
10.470144, 0.333099
10.480145, 0.346142
10.490145, 0.394054
10.500145, 0.404968
10.510145, 0.459002
10.520145, 0.473376
10.530146, 0.522087
10.540146, 0.534065
10.550146, 0.571597
10.560146, 0.579849
10.570147, 0.618179
10.580147, 0.625898
10.590147, 0.653847
10.600147, 0.661832
10.610147, 0.689515
10.620148, 0.696968
10.630148, 0.717464
10.640148, 0.721723
10.650148, 0.734500
10.660149, 0.737694
10.670149, 0.747010
10.680149, 0.748341
10.690149, 0.752334
10.700150, 0.752866
10.710150, 0.749140
10.720150, 0.747809
10.730150, 0.740089
10.740150, 0.737694
10.750151, 0.725183
10.760151, 0.721457
10.770151, 0.703357
10.780151, 0.698565
10.790152, 0.672213
10.800152, 0.663696
10.810152, 0.636279
10.820152, 0.629092
10.830153, 0.596086
10.840153, 0.588366
10.850153, 0.551633
10.860153, 0.542051
10.870153, 0.503455
10.880154, 0.488548
10.890154, 0.445161
10.900154, 0.428658
10.910154, 0.382875
10.920155, 0.371163
10.930155, 0.322451
10.940155, 0.309941
10.950155, 0.259367
10.960155, 0.247122
10.970156, 0.194152
10.980156, 0.174721
10.990156, 0.115096
11.000156, 0.100989
11.010157, 0.047220
11.020157, 0.033379
11.030157, -0.020124
11.040157, -0.032900
11.050158, -0.087467
11.060158, -0.099978
11.070158, -0.151883
11.080158, -0.171581
11.090158, -0.227745
11.100159, -0.239457
11.110159, -0.287369
11.120159, -0.298549
11.130159, -0.344598
11.140160, -0.355778
11.150160, -0.398633
11.160160, -0.413805
11.170160, -0.453732
11.180161, -0.467840
11.190161, -0.503242
11.200161, -0.511760
11.210161, -0.543702
11.220161, -0.550356
11.230162, -0.579370
11.240162, -0.585758
11.250162, -0.609182
11.260162, -0.616635
11.270163, -0.637930
11.280163, -0.641124
11.290163, -0.656296
11.300163, -0.658958
11.310163, -0.667742
11.320164, -0.670138
11.330164, -0.674396
11.340164, -0.674929
11.350164, -0.673864
11.360165, -0.673332
11.370165, -0.668008
11.380165, -0.665612
11.390165, -0.655231
11.400166, -0.650972
11.410166, -0.635268
11.420166, -0.631009
11.430166, -0.610779
11.440166, -0.602528
11.450167, -0.576176
11.460167, -0.565528
11.470167, -0.534651
11.480167, -0.525867
11.490168, -0.490732
11.500168, -0.481415
11.510168, -0.441488
11.520168, -0.431107
11.530169, -0.387986
11.540169, -0.370950
11.550169, -0.323570
11.560169, -0.306534
11.570169, -0.256492
11.580170, -0.244248
11.590170, -0.192343
11.600170, -0.178767
11.610170, -0.126862
11.620171, -0.107165
11.630171, -0.053662
11.640171, -0.033965
11.650171, 0.013149
11.660172, 0.032580
11.670172, 0.084486
11.680172, 0.096996
11.690172, 0.146240
11.700172, 0.158218
11.710173, 0.203469
11.720173, 0.220238
11.730173, 0.262827
11.740173, 0.277733
11.750174, 0.317128
11.760174, 0.326444
11.770174, 0.361314
11.780174, 0.370098
11.790174, 0.402306
11.800175, 0.410291
11.810175, 0.440103
11.820175, 0.449952
11.830175, 0.475506
11.840176, 0.484023
11.850176, 0.504785
11.860176, 0.509577
11.870176, 0.527943
11.880177, 0.531404
11.890177, 0.544713
11.900177, 0.549770
11.910177, 0.558554
11.920177, 0.561216
11.930178, 0.567604
11.940178, 0.567870
11.950178, 0.567604
11.960178, 0.568137
11.970179, 0.565209
11.980179, 0.564942
11.990179, 0.556957
12.000179, 0.554029
12.010180, 0.543115
12.020180, 0.538058
12.030180, 0.523418
12.040180, 0.519159
12.050180, 0.500527
12.060181, 0.495469
12.070181, 0.473110
12.080181, 0.466988
12.090181, 0.442765
12.100182, 0.432650
12.110182, 0.404701
12.120182, 0.392989
12.130182, 0.362645
12.140182, 0.353861
12.150183, 0.321121
12.160183, 0.312337
12.170183, 0.271611
12.180183, 0.258568
12.190184, 0.225828
12.200184, 0.216511
12.210184, 0.177117
12.220184, 0.162477
12.230185, 0.122550
12.240185, 0.112701
12.250185, 0.071443
12.260185, 0.061860
12.270185, 0.021667
12.280186, 0.005430
12.290186, -0.034497
12.300186, -0.049936
12.310186, -0.089863
12.320187, -0.098647
12.330187, -0.137243
12.340187, -0.147358
12.350187, -0.185156
12.360188, -0.193940
12.370188, -0.233867
12.380188, -0.241852
12.390188, -0.275391
12.400188, -0.287902
12.410189, -0.317980
12.420189, -0.324901
12.430189, -0.353382
12.440189, -0.360037
12.450190, -0.385590
12.460190, -0.394374
12.470190, -0.416201
12.480190, -0.421791
12.490191, -0.443085
12.500191, -0.448143
12.510191, -0.462783
12.520191, -0.466509
12.530191, -0.477955
12.540192, -0.480883
12.550192, -0.489667
12.560192, -0.492595
12.570192, -0.496854
12.580193, -0.498451
12.590193, -0.499782
12.600193, -0.498983
12.610193, -0.497386
12.620193, -0.496321
12.630194, -0.489401
12.640194, -0.488070
12.650194, -0.477689
12.660194, -0.473164
12.670195, -0.459588
12.680195, -0.454265
12.690195, -0.437762
12.700195, -0.432704
12.710196, -0.412208
12.720196, -0.406885
12.730196, -0.382928
12.740196, -0.376806
12.750196, -0.346195
12.760197, -0.339275
12.770197, -0.304937
12.780197, -0.296153
12.790197, -0.264212
12.800198, -0.255428
12.810198, -0.220025
12.820198, -0.210975
12.830198, -0.174509
12.840199, -0.159602
12.850199, -0.122337
12.860199, -0.107697
12.870199, -0.073094
12.880199, -0.058986
12.890200, -0.019059
12.900200, -0.009210
12.910200, 0.029386
12.920200, 0.038436
12.930201, 0.081291
12.940201, 0.090342
12.950201, 0.124945
12.960201, 0.138520
12.970201, 0.170994
12.980202, 0.178447
12.990202, 0.209325
13.000202, 0.215713
13.010202, 0.243396
13.020203, 0.253511
13.030203, 0.277999
13.040203, 0.284388
13.050203, 0.306481
13.060204, 0.314200
13.070204, 0.334696
13.080204, 0.339221
13.090204, 0.356523
13.100204, 0.361314
13.110205, 0.375155
13.120205, 0.380479
13.130205, 0.391659
13.140205, 0.394853
13.150206, 0.404435
13.160206, 0.405766
13.170206, 0.410025
13.180206, 0.411356
13.190207, 0.413752
13.200207, 0.413485
13.210207, 0.413752
13.220207, 0.412687
13.230207, 0.408694
13.240208, 0.407629
13.250208, 0.400975
13.260208, 0.399112
13.270208, 0.389529
13.280209, 0.386867
13.290209, 0.372760
13.300209, 0.368501
13.310209, 0.354127
13.320210, 0.348005
13.330210, 0.329905
13.340210, 0.325646
13.350210, 0.305948
13.360210, 0.300891
13.370211, 0.279064
13.380211, 0.270014
13.390211, 0.247388
13.400211, 0.237274
13.410212, 0.212252
13.420212, 0.205332
13.430212, 0.178448
13.440212, 0.170994
13.450212, 0.143045
13.460213, 0.132132
13.470213, 0.103651
13.480213, 0.096464
13.490213, 0.063723
13.500214, 0.056270
13.510214, 0.026458
13.520214, 0.019271
13.530214, -0.010807
13.540215, -0.018526
13.550215, -0.050468
13.560215, -0.057921
13.570215, -0.087201
13.580215, -0.097582
13.590216, -0.124733
13.600216, -0.131121
13.610216, -0.157739
13.620216, -0.163861
13.630217, -0.187551
13.640217, -0.196069
13.650217, -0.218428
13.660217, -0.223752
13.670218, -0.244780
13.680218, -0.252233
13.690218, -0.270334
13.700218, -0.274593
13.710218, -0.290031
13.720219, -0.294556
13.730219, -0.308398
13.740219, -0.313189
13.750219, -0.324635
13.760220, -0.327296
13.770220, -0.337677
13.780220, -0.339541
13.790220, -0.345929
13.800220, -0.347526
13.810221, -0.350987
13.820221, -0.351785
13.830221, -0.353382
13.840221, -0.353914
13.850222, -0.352051
13.860222, -0.350987
13.870222, -0.346195
13.880222, -0.345131
13.890223, -0.339008
13.900223, -0.336347
13.910223, -0.326764
13.920223, -0.323836
13.930223, -0.311326
13.940224, -0.307865
13.950224, -0.293491
13.960224, -0.287902
13.970224, -0.271132
13.980225, -0.266607
13.990225, -0.248241
14.000225, -0.243716
14.010225, -0.222687
14.020226, -0.214436
14.030226, -0.192609
14.040226, -0.186220
14.050226, -0.159869
14.060226, -0.153214
14.070227, -0.127927
14.080227, -0.121805
14.090227, -0.096251
14.100227, -0.086669
14.110228, -0.058986
14.120228, -0.052065
14.130228, -0.025181
14.140228, -0.018526
14.150229, 0.011286
14.160229, 0.017940
14.170229, 0.044026
14.180229, 0.051213
14.190229, 0.076234
14.200230, 0.084752
14.210230, 0.108442
14.220230, 0.114032
14.230230, 0.135326
14.240231, 0.142779
14.250231, 0.161412
14.260231, 0.166203
14.270231, 0.185102
14.280231, 0.189361
14.290232, 0.205598
14.300232, 0.210389
14.310232, 0.223964
14.320232, 0.229022
14.330233, 0.241000
14.340233, 0.245259
14.350233, 0.255374
14.360233, 0.257503
14.370234, 0.266021
14.380234, 0.269215
14.390234, 0.275870
14.400234, 0.277201
14.410234, 0.280927
14.420235, 0.282258
14.430235, 0.283057
14.440235, 0.283855
14.450235, 0.283855
14.460236, 0.283057
14.470236, 0.282524
14.480236, 0.280661
14.490236, 0.276136
14.500237, 0.275071
14.510237, 0.268683
14.520237, 0.266287
14.530237, 0.257503
14.540237, 0.255906
14.550238, 0.245791
14.560238, 0.241532
14.570238, 0.229554
14.580238, 0.226094
14.590239, 0.213583
14.600239, 0.207727
14.610239, 0.194951
14.620239, 0.188562
14.630239, 0.172592
14.640240, 0.169131
14.650240, 0.151297
14.660240, 0.146772
14.670240, 0.125477
14.680241, 0.121751
14.690241, 0.102320
14.700241, 0.094867
14.710241, 0.075435
14.720242, 0.070644
14.730242, 0.050148
14.740242, 0.045091
14.750242, 0.024063
14.760242, 0.016876
14.770243, -0.003886
14.780243, -0.008678
14.790243, -0.029440
14.800243, -0.037159
14.810244, -0.056590
14.820244, -0.061382
14.830244, -0.081079
14.840244, -0.086669
14.850245, -0.104503
14.860245, -0.109294
14.870245, -0.125265
14.880245, -0.128992
14.890245, -0.144430
14.900246, -0.149754
14.910246, -0.163329
14.920246, -0.167055
14.930246, -0.179034
14.940247, -0.183026
14.950247, -0.193674
14.960247, -0.196602
14.970247, -0.205119
14.980247, -0.208047
14.990248, -0.215767
15.000248, -0.217364
15.010248, -0.222953
15.020248, -0.223752
15.030249, -0.228011
15.040249, -0.229608
15.050249, -0.230939
15.060249, -0.231737
15.070250, -0.232536
15.080250, -0.232270
15.090250, -0.230939
15.100250, -0.230673
15.110250, -0.227479
15.120251, -0.226148
15.130251, -0.220558
15.140251, -0.218961
15.150251, -0.212306
15.160252, -0.210177
15.170252, -0.202191
15.180252, -0.198465
15.190252, -0.188882
15.200253, -0.185954
15.210253, -0.174775
15.220253, -0.170782
15.230253, -0.158271
15.240253, -0.155077
15.250254, -0.140970
15.260254, -0.135646
15.270254, -0.120740
15.280254, -0.117013
15.290255, -0.101309
15.300255, -0.097050
15.310255, -0.081079
15.320255, -0.073892
15.330256, -0.058187
15.340256, -0.053130
15.350256, -0.036361
15.360256, -0.029174
15.370256, -0.012138
15.380257, -0.007081
15.390257, 0.009423
15.400257, 0.014214
15.410257, 0.032846
15.420258, 0.036573
15.430258, 0.052810
15.440258, 0.057069
15.450258, 0.071443
15.460258, 0.076766
15.470259, 0.091672
15.480259, 0.094068
15.490259, 0.106845
15.500259, 0.111370
15.510260, 0.122283
15.520260, 0.125477
15.530260, 0.134528
15.540260, 0.138254
15.550261, 0.147571
15.560261, 0.149434
15.570261, 0.157685
15.580261, 0.158484
15.590261, 0.164872
15.600262, 0.166736
15.610262, 0.171527
15.620262, 0.172592
15.630262, 0.174987
15.640263, 0.177117
15.650263, 0.178181
15.660263, 0.178714
15.670263, 0.179246
15.680264, 0.178447
15.690264, 0.178181
15.700264, 0.177383
15.710264, 0.175253
15.720264, 0.174189
15.730265, 0.171527
15.740265, 0.169397
15.750265, 0.164074
15.760265, 0.162743
15.770266, 0.157153
15.780266, 0.154225
15.790266, 0.147571
15.800266, 0.145973
15.810266, 0.137456
15.820267, 0.134261
15.830267, 0.125477
15.840267, 0.122017
15.850267, 0.112435
15.860268, 0.107643
15.870268, 0.096996
15.880268, 0.094600
15.890268, 0.083155
15.900269, 0.078630
15.910269, 0.065853
15.920269, 0.062925
15.930269, 0.050947
15.940269, 0.046422
15.950270, 0.033645
15.960270, 0.030185
15.970270, 0.017142
15.980270, 0.012084
15.990271, -0.000958
16.000271, -0.003088
16.010271, -0.016663
16.020271, -0.020390
16.030272, -0.033166
16.040272, -0.037159
16.050272, -0.048605
16.060272, -0.051267
16.070272, -0.062979
16.080273, -0.066705
16.090273, -0.076820
16.100273, -0.078950
16.110273, -0.089064
16.120274, -0.091726
16.130274, -0.101043
16.140274, -0.102906
16.150274, -0.109827
16.160275, -0.111424
16.170275, -0.118344
16.180275, -0.119675
16.190275, -0.124733
16.200275, -0.126064
16.210276, -0.129524
16.220276, -0.130855
16.230276, -0.133250
16.240276, -0.134049
16.250277, -0.136711
16.260277, -0.137509
16.270277, -0.137243
16.280277, -0.136977
16.290277, -0.136178
16.300278, -0.136178
16.310278, -0.134581
16.320278, -0.133783
16.330278, -0.131653
16.340279, -0.130322
16.350279, -0.127128
16.360279, -0.125265
16.370279, -0.120474
16.380280, -0.119143
16.390280, -0.113287
16.400280, -0.112222
16.410280, -0.105035
16.420280, -0.102373
16.430281, -0.094920
16.440281, -0.092525
16.450281, -0.084539
16.460281, -0.081611
16.470282, -0.073360
16.480282, -0.070698
16.490282, -0.061382
16.500282, -0.058720
16.510283, -0.048871
16.520283, -0.046209
16.530283, -0.035828
16.540283, -0.033166
16.550283, -0.022519
16.560284, -0.019591
16.570284, -0.009476
16.580284, -0.007081
16.590284, 0.003833
16.600285, 0.007825
16.610285, 0.017674
16.620285, 0.019804
16.630285, 0.029120
16.640285, 0.032314
16.650286, 0.041630
16.660286, 0.043494
16.670286, 0.051213
16.680286, 0.055472
16.690287, 0.061328
16.700287, 0.063457
16.710287, 0.070112
16.720287, 0.071975
16.730288, 0.077299
16.740288, 0.078363
16.750288, 0.083687
16.760288, 0.085284
16.770288, 0.088745
16.780289, 0.090075
16.790289, 0.093003
16.800289, 0.093536
16.810289, 0.095399
16.820290, 0.095931
16.830290, 0.096730
16.840290, 0.096198
16.850290, 0.096464
16.860291, 0.096730
16.870291, 0.096198
16.880291, 0.095931
16.890291, 0.095399
16.900291, 0.095399
16.910292, 0.092737
16.920292, 0.091406
16.930292, 0.089277
16.940292, 0.088478
16.950293, 0.085550
16.960293, 0.084219
16.970293, 0.079961
16.980293, 0.078896
16.990294, 0.074105
17.000294, 0.072774
17.010294, 0.066651
17.020294, 0.066119
17.030294, 0.060796
17.040295, 0.058666
17.050295, 0.053076
17.060295, 0.052012
17.070295, 0.044825
17.080296, 0.042429
17.090296, 0.034976
17.100296, 0.033645
17.110296, 0.026724
17.120296, 0.025127
17.130297, 0.018207
17.140297, 0.015811
17.150297, 0.008624
17.160297, 0.006228
17.170298, -0.000958
17.180298, -0.003354
17.190298, -0.009742
17.200298, -0.011606
17.210299, -0.017994
17.220299, -0.020922
17.230299, -0.027843
17.240299, -0.029706
17.250299, -0.034231
17.260300, -0.036893
17.270300, -0.042483
17.280300, -0.043814
17.290300, -0.049137
17.300301, -0.049403
17.310301, -0.053130
17.320301, -0.054993
17.330301, -0.058454
17.340302, -0.060051
17.350302, -0.062446
17.360302, -0.062712
17.370302, -0.065108
17.380302, -0.065374
17.390303, -0.065907
17.400303, -0.066439
17.410303, -0.067770
17.420303, -0.067504
17.430304, -0.067238
17.440304, -0.067504
17.450304, -0.066173
17.460304, -0.065907
17.470304, -0.064310
17.480305, -0.063511
17.490305, -0.063245
17.500305, -0.062446
17.510305, -0.060051
17.520306, -0.058720
17.530306, -0.056324
17.540306, -0.055792
17.550306, -0.053130
17.560307, -0.051267
17.570307, -0.047540
17.580307, -0.046475
17.590307, -0.043281
17.600307, -0.041152
17.610308, -0.036361
17.620308, -0.035296
17.630308, -0.030771
17.640308, -0.029174
17.650309, -0.025181
17.660309, -0.023850
17.670309, -0.019059
17.680309, -0.017728
17.690310, -0.012404
17.700310, -0.010275
17.710310, -0.005750
17.720310, -0.003620
17.730310, 0.000905
17.740311, 0.002502
17.750311, 0.007293
17.760311, 0.008358
17.770311, 0.013415
17.780312, 0.014746
17.790312, 0.019804
17.800312, 0.020602
17.810312, 0.024595
17.820312, 0.025660
17.830313, 0.029386
17.840313, 0.029652
17.850313, 0.033645
17.860313, 0.034710
17.870314, 0.036573
17.880314, 0.037904
17.890314, 0.039501
17.900314, 0.040566
17.910315, 0.041098
17.920315, 0.042163
17.930315, 0.042695
17.940315, 0.043228
17.950315, 0.044292
17.960316, 0.044292
17.970316, 0.043228
17.980316, 0.044026
17.990316, 0.043494
18.000317, 0.043494
18.010317, 0.042695
18.020317, 0.042429
18.030317, 0.040566
18.040318, 0.038436
18.050318, 0.037638
18.060318, 0.035242
18.070318, 0.035242
18.080318, 0.032580
18.090319, 0.031782
18.100319, 0.028854
18.110319, 0.027523
18.120319, 0.025660
18.130320, 0.024595
18.140320, 0.021401
18.150320, 0.020602
18.160320, 0.017408
18.170321, 0.016343
18.180321, 0.012351
18.190321, 0.011818
18.200321, 0.008624
18.210321, 0.008358
18.220322, 0.004365
18.230322, 0.003567
18.240322, 0.000106
18.250322, -0.001491
18.260323, -0.003620
18.270323, -0.006016
18.280323, -0.008678
18.290323, -0.009742
18.300323, -0.012138
18.310324, -0.012937
18.320324, -0.015332
18.330324, -0.016663
18.340324, -0.019059
18.350325, -0.019591
18.360325, -0.021987
18.370325, -0.021987
18.380325, -0.024382
18.390326, -0.024649
18.400326, -0.025447
18.410326, -0.025980
18.420326, -0.027044
18.430326, -0.027577
18.440327, -0.027843
18.450327, -0.027843
18.460327, -0.028907
18.470327, -0.028375
18.480328, -0.028375
18.490328, -0.028641
18.500328, -0.027843
18.510328, -0.027310
18.520329, -0.027310
18.530329, -0.026512
18.540329, -0.025980
18.550329, -0.024649
18.560329, -0.024382
18.570330, -0.023584
18.580330, -0.021721
18.590330, -0.020922
18.600330, -0.019591
18.610331, -0.019059
18.620331, -0.016397
18.630331, -0.015865
18.640331, -0.014268
18.650331, -0.012670
18.660332, -0.010541
18.670332, -0.009742
18.680332, -0.007613
18.690332, -0.007347
18.700333, -0.004951
18.710333, -0.003354
18.720333, -0.001757
18.730333, -0.000426
18.740334, 0.001171
18.750334, 0.002502
18.760334, 0.005164
18.770334, 0.006228
18.780334, 0.008092
18.790335, 0.008358
18.800335, 0.010221
18.810335, 0.009955
18.820335, 0.012617
18.830336, 0.012351
18.840336, 0.013681
18.850336, 0.015012
18.860336, 0.015012
18.870337, 0.016343
18.880337, 0.017142
18.890337, 0.017408
18.900337, 0.017940
18.910337, 0.018207
18.920338, 0.019005
18.930338, 0.018473
18.940338, 0.019005
18.950338, 0.020070
18.960339, 0.019005
18.970339, 0.018473
18.980339, 0.018739
18.990339, 0.018207
19.000340, 0.017408
19.010340, 0.016609
19.020340, 0.017408
19.030340, 0.017408
19.040340, 0.015012
19.050341, 0.015279
19.060341, 0.015012
19.070341, 0.013681
19.080341, 0.012617
19.090342, 0.011818
19.100342, 0.009955
19.110342, 0.009955
19.120342, 0.008624
19.130342, 0.008092
19.140343, 0.006495
19.150343, 0.005962
19.160343, 0.004099
19.170343, 0.003833
19.180344, 0.001970
19.190344, 0.001437
19.200344, -0.000426
19.210344, -0.000160
19.220345, -0.002556
19.230345, -0.003088
19.240345, -0.004419
19.250345, -0.004685
19.260345, -0.006016
19.270346, -0.006814
19.280346, -0.008412
19.290346, -0.008678
19.300346, -0.008944
19.310347, -0.010009
19.320347, -0.010807
19.330347, -0.010807
19.340347, -0.011606
19.350348, -0.012138
19.360348, -0.012937
19.370348, -0.012670
19.380348, -0.013469
19.390348, -0.013203
19.400349, -0.014001
19.410349, -0.013469
19.420349, -0.013203
19.430349, -0.013469
19.440350, -0.013469
19.450350, -0.013203
19.460350, -0.012404
19.470350, -0.012670
19.480350, -0.011872
19.490351, -0.012404
19.500351, -0.011073
19.510351, -0.010275
19.520351, -0.010541
19.530352, -0.009210
19.540352, -0.008944
19.550352, -0.008944
19.560352, -0.007879
19.570353, -0.007347
19.580353, -0.006548
19.590353, -0.006282
19.600353, -0.005217
19.610353, -0.004685
19.620354, -0.003088
19.630354, -0.003088
19.640354, -0.001757
19.650354, -0.001225
19.660355, 0.000106
19.670355, 0.000639
19.680355, 0.001437
19.690355, 0.001970
19.700356, 0.002502
19.710356, 0.003567
19.720356, 0.003833
19.730356, 0.004099
19.740356, 0.005696
19.750357, 0.006228
19.760357, 0.006495
19.770357, 0.006761
19.780357, 0.007825
19.790358, 0.007559
19.800358, 0.008092
19.810358, 0.008092
19.820358, 0.008890
19.830359, 0.009156
19.840359, 0.008624
19.850359, 0.008890
19.860359, 0.009955
19.870359, 0.009689
19.880360, 0.009955
19.890360, 0.008890
19.900360, 0.009156
19.910360, 0.008890
19.920361, 0.008358
19.930361, 0.007825
19.940361, 0.007825
19.950361, 0.007293
19.960361, 0.007027
19.970362, 0.007559
19.980362, 0.006495
19.990362, 0.006761
20.000362, 0.005430
20.010363, 0.004897
20.020363, 0.004365
20.030363, 0.004365
20.040363, 0.003567
20.050364, 0.003034
20.060364, 0.002502
20.070364, 0.002502
20.080364, 0.001171
20.090364, 0.001437
20.100365, 0.000106
20.110365, 0.000106
20.120365, -0.000958
20.130365, -0.000426
20.140366, -0.001757
20.150366, -0.002023
20.160366, -0.003088
20.170366, -0.003886
20.180367, -0.003620
20.190367, -0.004685
20.200367, -0.003886
20.210367, -0.004419
20.220367, -0.004153
20.230368, -0.005484
20.240368, -0.005217
20.250368, -0.004951
20.260368, -0.006548
20.270369, -0.006016
20.280369, -0.006016
20.290369, -0.006548
20.300369, -0.006548
20.310369, -0.006548
20.320370, -0.006016
20.330370, -0.006282
20.340370, -0.006016
20.350370, -0.005750
20.360371, -0.006016
20.370371, -0.006282
20.380371, -0.004951
20.390371, -0.005484
20.400372, -0.005217
20.410372, -0.005484
20.420372, -0.004951
20.430372, -0.004419
20.440372, -0.004685
20.450373, -0.003886
20.460373, -0.003088
20.470373, -0.002556
20.480373, -0.002822
20.490374, -0.001491
20.500374, -0.001757
20.510374, -0.001225
20.520374, -0.000692
20.530375, -0.000958
20.540375, -0.000692
20.550375, 0.000106
20.560375, 0.000905
20.570375, 0.000372
20.580376, 0.001437
20.590376, 0.001970
20.600376, 0.001703
20.610376, 0.001171
20.620377, 0.002236
20.630377, 0.001970
20.640377, 0.002768
20.650377, 0.002768
20.660378, 0.003567
20.670378, 0.003833
20.680378, 0.003833
20.690378, 0.003833
20.700378, 0.004099
20.710379, 0.003833
20.720379, 0.004365
20.730379, 0.003300
20.740379, 0.003833
20.750380, 0.004365
20.760380, 0.004099
20.770380, 0.004365
20.780380, 0.004365
20.790380, 0.003300
20.800381, 0.003567
20.810381, 0.003833
20.820381, 0.003034
20.830381, 0.003300
20.840382, 0.003034
20.850382, 0.002768
20.860382, 0.002236
20.870382, 0.002768
20.880383, 0.001970
20.890383, 0.001970
20.900383, 0.001437
20.910383, 0.002236
20.920383, 0.000905
20.930384, 0.000905
20.940384, 0.000106
20.950384, 0.000372
20.960384, 0.000372
20.970385, 0.000372
20.980385, -0.000692
20.990385, -0.000692
21.000385, -0.000692
21.010386, -0.001491
21.020386, -0.000426
21.030386, -0.001225
21.040386, -0.002023
21.050386, -0.001491
21.060387, -0.001225
21.070387, -0.002023
21.080387, -0.002023
21.090387, -0.002289
21.100388, -0.002822
21.110388, -0.003088
21.120388, -0.002023
21.130388, -0.002822
21.140388, -0.002556
21.150389, -0.002289
21.160389, -0.002822
21.170389, -0.002822
21.180389, -0.002822
21.190390, -0.002289
21.200390, -0.002556
21.210390, -0.002556
21.220390, -0.002556
21.230391, -0.003088
21.240391, -0.001757
21.250391, -0.001757
21.260391, -0.002289
21.270391, -0.002289
21.280392, -0.001491
21.290392, -0.001225
21.300392, -0.000958
21.310392, -0.001757
21.320393, -0.001225
21.330393, -0.000958
21.340393, -0.000692
21.350393, -0.000958
21.360394, -0.000160
21.370394, -0.000160
21.380394, -0.000426
21.390394, -0.000160
21.400394, -0.000160
21.410395, 0.000106
21.420395, 0.000905
21.430395, 0.001171
21.440395, 0.000639
21.450396, 0.000639
21.460396, 0.001437
21.470396, 0.001171
21.480396, 0.000905
21.490396, 0.000905
21.500397, 0.001703
21.510397, 0.001171
21.520397, 0.001437
21.530397, 0.001437
21.540398, 0.000905
21.550398, 0.002236
21.560398, 0.001703
21.570398, 0.001970
21.580399, 0.001437
21.590399, 0.000905
21.600399, 0.001437
21.610399, 0.001437
21.620399, 0.000905
21.630400, 0.001171
21.640400, 0.001703
21.650400, 0.001171
21.660400, 0.001171
21.670401, 0.001437
21.680401, 0.000639
21.690401, 0.001171
21.700401, 0.000639
21.710402, 0.000106
21.720402, 0.000372
21.730402, 0.000106
21.740402, 0.000639
21.750402, 0.000639
21.760403, 0.000106
21.770403, 0.000639
21.780403, -0.000160
21.790403, -0.000160
21.800404, -0.000426
21.810404, -0.000692
21.820404, -0.000426
21.830404, -0.000692
21.840405, -0.001225
21.850405, -0.001225
21.860405, -0.000160
21.870405, -0.000692
21.880405, -0.000692
21.890406, -0.001225
21.900406, -0.000958
21.910406, -0.000692
21.920406, -0.000958
21.930407, -0.000426
21.940407, -0.000692
21.950407, -0.001225
21.960407, -0.000958
21.970407, -0.000958
21.980408, -0.000692
21.990408, -0.000958
22.000408, -0.000958
22.010408, -0.000958
22.020409, -0.000160
22.030409, -0.000160
22.040409, -0.000426
22.050409, -0.000958
22.060410, -0.000426
22.070410, 0.000106
22.080410, -0.000692
22.090410, -0.000426
22.100410, 0.000106
22.110411, -0.000160
22.120411, 0.000106
22.130411, -0.000958
22.140411, -0.000426
22.150412, 0.000106
22.160412, 0.000106
22.170412, 0.000106
22.180412, -0.000426
22.190413, -0.000426
22.200413, 0.000106
22.210413, 0.000106
22.220413, -0.000426
22.230413, -0.000160
22.240414, 0.000372
22.250414, 0.000106
22.260414, 0.000639
22.270414, 0.000905
22.280415, 0.000106
22.290415, 0.000372
22.300415, 0.000372
22.310415, -0.000160
22.320415, -0.000426
22.330416, -0.000426
22.340416, -0.000160
22.350416, 0.000372
22.360416, 0.000639
22.370417, -0.000160
22.380417, 0.000106
22.390417, 0.000372
22.400417, -0.000426
22.410418, 0.000106
22.420418, -0.000160
22.430418, 0.000106
22.440418, 0.000905
22.450418, 0.000106
22.460419, 0.000639
22.470419, -0.000692
22.480419, -0.000426
22.490419, -0.000692
22.500420, -0.000160
22.510420, 0.000372
22.520420, -0.000692
22.530420, -0.000160
22.540421, -0.000160
22.550421, -0.000692
22.560421, 0.000106
22.570421, 0.000106
22.580421, 0.000372
22.590422, 0.000106
22.600422, -0.000426
22.610422, -0.000958
22.620422, -0.000160
22.630423, -0.000160
22.640423, -0.000426
22.650423, 0.000372
22.660423, 0.000106
22.670424, -0.000160
22.680424, 0.000372
22.690424, -0.000692
22.700424, -0.000426
22.710424, 0.000639
22.720425, 0.000372
22.730425, 0.000106
22.740425, -0.001225
22.750425, -0.000426
22.760426, -0.000426
22.770426, -0.000426
22.780426, 0.000106
22.790426, 0.000106
22.800426, -0.000426
22.810427, -0.000692
22.820427, -0.000160
22.830427, 0.000372
22.840427, -0.000426
22.850428, 0.000106
22.860428, -0.000160
22.870428, -0.000160
22.880428, 0.000106
22.890429, -0.000160
22.900429, 0.000106
22.910429, 0.000372
22.920429, -0.000426
22.930429, 0.000106
22.940430, 0.000372
22.950430, 0.000639
22.960430, 0.000106
22.970430, -0.000692
22.980431, 0.000372
22.990431, -0.000426
23.000431, -0.000160
23.010431, -0.000692
23.020432, -0.000160
23.030432, -0.000426
23.040432, -0.000160
23.050432, 0.000639
23.060432, -0.000426
23.070433, 0.000106
23.080433, -0.000426
23.090433, -0.000692
23.100433, -0.000426
23.110434, 0.000106
23.120434, -0.000692
23.130434, -0.000160
23.140434, -0.000426
23.150434, 0.000106
23.160435, -0.000692
23.170435, -0.000692
23.180435, -0.000160
23.190435, -0.000426
23.200436, -0.000160
23.210436, -0.000160
23.220436, 0.000372
23.230436, 0.000106
23.240437, -0.000692
23.250437, -0.000692
23.260437, 0.000106
23.270437, 0.000372
23.280437, -0.000426
23.290438, -0.000426
23.300438, -0.000692
23.310438, 0.000106
23.320438, 0.000372
23.330439, -0.000426
23.340439, -0.000160
23.350439, 0.000372
23.360439, -0.000160
23.370440, -0.000160
23.380440, 0.000372
23.390440, -0.000426
23.400440, 0.000106
23.410440, 0.000106
23.420441, 0.000905
23.430441, 0.000905
23.440441, 0.000106
23.450441, 0.000372
23.460442, 0.000372
23.470442, 0.000905
23.480442, -0.000160
23.490442, -0.000692
23.500443, -0.000426
23.510443, -0.000426
23.520443, -0.000692
23.530443, 0.000106
23.540443, 0.000106
23.550444, -0.000426
23.560444, -0.000160
23.570444, -0.000426
23.580444, 0.000639
23.590445, -0.000426
23.600445, -0.000692
23.610445, -0.000426
23.620445, -0.000426
23.630445, -0.000426
23.640446, 0.000106
23.650446, -0.000426
23.660446, -0.000160
23.670446, -0.000426
23.680447, -0.000426
23.690447, 0.000372
23.700447, 0.000106
23.710447, -0.000426
23.720448, -0.000160
23.730448, -0.000426
23.740448, -0.000160
23.750448, -0.000958
23.760448, -0.000426
23.770449, 0.000106
23.780449, -0.000160
23.790449, 0.000106
23.800449, 0.000639
23.810450, 0.000639
23.820450, -0.000426
23.830450, 0.000106
23.840450, 0.000372
23.850451, -0.000426
23.860451, -0.000160
23.870451, -0.000160
23.880451, 0.000372
23.890451, -0.000160
23.900452, -0.000160
23.910452, 0.000372
23.920452, 0.000106
23.930452, 0.000106
23.940453, -0.000160
23.950453, 0.000372
23.960453, -0.000160
23.970453, -0.000160
23.980453, -0.000160
23.990454, -0.000426
24.000454, 0.000106
24.010454, 0.000372
24.020454, 0.000106
24.030455, -0.000160
24.040455, 0.000106
24.050455, 0.000106
24.060455, -0.000160
24.070456, -0.000692
24.080456, -0.000160
24.090456, -0.000160
24.100456, 0.000372
24.110456, -0.000426
24.120457, -0.000692
24.130457, -0.000426
24.140457, -0.000692
24.150457, -0.000692
24.160458, -0.000160
24.170458, -0.000692
24.180458, -0.000692
24.190458, -0.000692
24.200459, -0.000160
24.210459, -0.000426
24.220459, -0.000426
24.230459, 0.000106
24.240459, 0.000106
24.250460, 0.000372
24.260460, 0.000639
24.270460, -0.000426
24.280460, 0.000106
24.290461, 0.000106
24.300461, -0.000160
24.310461, 0.000639
24.320461, 0.000372
24.330462, 0.000639
24.340462, -0.000160
24.350462, -0.000160
24.360462, 0.000639
24.370462, 0.000372
24.380463, -0.000160
24.390463, -0.000160
24.400463, -0.000160
24.410463, 0.000106
24.420464, 0.000639
24.430464, 0.000106
24.440464, -0.000692
24.450464, -0.000160
24.460464, 0.000639
24.470465, 0.000106
24.480465, -0.000692
24.490465, -0.000160
24.500465, -0.000426
24.510466, -0.001491
24.520466, 0.000372
24.530466, -0.000426
24.540466, -0.000160
24.550467, 0.000106
24.560467, -0.000160
24.570467, -0.000160
24.580467, -0.000160
24.590467, -0.000160
24.600468, -0.000426
24.610468, -0.000160
24.620468, 0.000106
24.630468, -0.000160
24.640469, 0.000372
24.650469, -0.000692
24.660469, -0.000160
24.670469, -0.000426
24.680470, -0.000160
24.690470, -0.000692
24.700470, -0.000692
24.710470, -0.000426
24.720470, -0.000426
24.730471, 0.000106
24.740471, -0.000692
24.750471, -0.000160
24.760471, -0.000160
24.770472, 0.000106
24.780472, 0.000639
24.790472, 0.000639
24.800472, 0.000106
24.810472, -0.000426
24.820473, 0.000372
24.830473, -0.000426
24.840473, -0.000426
24.850473, -0.000426
24.860474, -0.000426
24.870474, -0.000692
24.880474, -0.000426
24.890474, -0.000426
24.900475, -0.000958
24.910475, -0.000692
24.920475, -0.000160
24.930475, 0.000372
24.940475, -0.000160
24.950476, 0.000639
24.960476, -0.000426
24.970476, 0.000106
24.980476, 0.000639
24.990477, 0.000639
25.000477, -0.000692
25.010477, -0.000160
25.020477, 0.000106
25.030478, 0.000372
25.040478, -0.000160
25.050478, -0.000692
25.060478, -0.000426
25.070478, 0.000372
25.080479, -0.000426
25.090479, -0.000160
25.100479, -0.000160
25.110479, 0.000106
25.120480, 0.000106
25.130480, 0.000106
25.140480, -0.000426
25.150480, -0.000426
25.160480, 0.000106
25.170481, 0.000372
25.180481, -0.000426
25.190481, -0.000160
25.200481, -0.000426
25.210482, -0.001225
25.220482, -0.000160
25.230482, 0.000372
25.240482, 0.000106
25.250483, 0.000106
25.260483, -0.000692
25.270483, -0.000958
25.280483, 0.000106
25.290483, -0.000426
25.300484, -0.000160
25.310484, -0.000160
25.320484, -0.000692
25.330484, -0.000426
25.340485, -0.000160
25.350485, 0.000372
25.360485, 0.000106
25.370485, -0.000160
25.380486, -0.000160
25.390486, 0.000106
25.400486, 0.000372
25.410486, 0.000372
25.420486, 0.000106
25.430487, -0.000426
25.440487, -0.000160
25.450487, -0.000160
25.460487, 0.000106
25.470488, -0.000692
25.480488, -0.000160
25.490488, 0.000372
25.500488, -0.000426
25.510489, 0.000106
25.520489, -0.000426
25.530489, -0.000426
25.540489, -0.000160
25.550489, -0.000692
25.560490, -0.000160
25.570490, -0.000426
25.580490, -0.000426
25.590490, 0.000106
25.600491, -0.000160
25.610491, 0.000372
25.620491, -0.000426
25.630491, -0.000160
25.640491, 0.000372
25.650492, 0.000372
25.660492, -0.000160
25.670492, -0.000692
25.680492, -0.000160
25.690493, 0.000372
25.700493, 0.000372
25.710493, 0.000372
25.720493, 0.000106
25.730494, 0.000639
25.740494, 0.000106
25.750494, -0.000958
25.760494, -0.000958
25.770494, 0.000106
25.780495, -0.000426
25.790495, -0.000160
25.800495, -0.000160
25.810495, 0.000106
25.820496, -0.000426
25.830496, 0.000106
25.840496, 0.000372
25.850496, -0.000160
25.860497, 0.000372
25.870497, -0.000160
25.880497, -0.000160
25.890497, -0.000692
25.900497, -0.000958
25.910498, -0.000692
25.920498, -0.000958
25.930498, -0.001225
25.940498, 0.000106
25.950499, -0.000426
25.960499, -0.000160
25.970499, -0.000692
25.980499, 0.000372
25.990499, 0.000106
26.000500, -0.000160
26.010500, -0.000160
26.020500, 0.000639
26.030500, 0.000106
26.040501, -0.000958
26.050501, 0.000106
26.060501, -0.000426
26.070501, 0.000106
26.080502, -0.000692
26.090502, -0.000160
26.100502, 0.000106
26.110502, 0.000106
26.120502, -0.000160
26.130503, -0.000958
26.140503, 0.000106
26.150503, 0.000372
26.160503, -0.000692
26.170504, -0.000426
26.180504, -0.000160
26.190504, 0.000372
26.200504, -0.000160
26.210505, -0.000426
26.220505, -0.000692
26.230505, -0.000160
26.240505, -0.000426
26.250505, -0.000160
26.260506, -0.000426
26.270506, 0.000106
26.280506, -0.000692
26.290506, -0.000426
26.300507, 0.000639
26.310507, -0.000692
26.320507, -0.000160
26.330507, -0.000160
26.340508, 0.000106
26.350508, 0.000106
26.360508, 0.000372
26.370508, -0.000160
26.380508, 0.000106
26.390509, 0.000905
26.400509, 0.000106
26.410509, 0.000106
26.420509, -0.000160
26.430510, 0.000372
26.440510, 0.000372
26.450510, 0.000639
26.460510, -0.000160
26.470510, -0.000160
26.480511, -0.000426
26.490511, -0.000958
26.500511, -0.000160
26.510511, 0.000372
26.520512, 0.000372
26.530512, 0.000372
26.540512, -0.000160
26.550512, -0.000426
26.560513, 0.000372
26.570513, 0.000372
26.580513, 0.000106
26.590513, 0.000372
26.600513, -0.000426
26.610514, 0.000106
26.620514, -0.000692
26.630514, -0.000958
26.640514, -0.000160
26.650515, -0.000160
26.660515, 0.000639
26.670515, 0.000106
26.680515, -0.000160
26.690516, 0.000372
26.700516, 0.000372
26.710516, 0.000106
26.720516, 0.000372
26.730516, -0.000426
26.740517, -0.000426
26.750517, -0.000160
26.760517, -0.000426
26.770517, 0.000372
26.780518, 0.000106
26.790518, -0.000692
26.800518, -0.000426
26.810518, -0.000160
26.820518, 0.000639
26.830519, -0.000426
26.840519, 0.000106
26.850519, -0.000160
26.860519, -0.000426
26.870520, -0.000426
26.880520, -0.000426
26.890520, -0.000160
26.900520, -0.000958
26.910521, -0.000426
26.920521, -0.000426
26.930521, -0.000160
26.940521, -0.000692
26.950521, -0.000160
26.960522, -0.000426
26.970522, 0.000106
26.980522, -0.000692
26.990522, -0.000426
27.000523, -0.000692
27.010523, -0.000160
27.020523, 0.000905
27.030523, 0.000106
27.040524, -0.000426
27.050524, -0.000426
27.060524, 0.000372
27.070524, 0.000106
27.080524, -0.000426
27.090525, 0.000106
27.100525, 0.000106
27.110525, 0.000106
27.120525, -0.000160
27.130526, -0.000160
27.140526, -0.000426
27.150526, -0.000160
27.160526, -0.000160
27.170527, 0.000106
27.180527, 0.000106
27.190527, -0.000426
27.200527, -0.000426
27.210527, 0.000106
27.220528, 0.000639
27.230528, -0.000160
27.240528, -0.000160
27.250528, -0.000160
27.260529, 0.000106
27.270529, -0.000160
27.280529, 0.000372
27.290529, -0.000692
27.300529, -0.000426
27.310530, -0.000160
27.320530, 0.000106
27.330530, -0.000160
27.340530, 0.000905
27.350531, -0.000160
27.360531, 0.000106
27.370531, -0.000160
27.380531, 0.000106
27.390532, 0.000372
27.400532, -0.000160
27.410532, -0.000692
27.420532, -0.000160
27.430532, -0.000160
27.440533, -0.000426
27.450533, -0.000692
27.460533, 0.000106
27.470533, -0.000426
27.480534, -0.000426
27.490534, -0.000160
27.500534, -0.000160
27.510534, 0.000106
27.520535, -0.000426
27.530535, -0.000426
27.540535, 0.000106
27.550535, -0.000426
27.560535, -0.000426
27.570536, -0.000160
27.580536, 0.000372
27.590536, -0.000426
27.600536, -0.000160
27.610537, 0.000106
27.620537, 0.000372
27.630537, 0.000106
27.640537, -0.000160
27.650537, 0.000106
27.660538, -0.000426
27.670538, 0.000372
27.680538, -0.000426
27.690538, -0.000426
27.700539, 0.000106
27.710539, -0.000160
27.720539, -0.000160
27.730539, -0.000692
27.740540, 0.000106
27.750540, 0.000106
27.760540, -0.000692
27.770540, 0.000372
27.780540, 0.000106
27.790541, -0.000426
27.800541, -0.000426
27.810541, -0.000160
27.820541, -0.000426
27.830542, 0.000372
27.840542, 0.000106
27.850542, 0.000106
27.860542, -0.000426
27.870543, 0.000372
27.880543, 0.000372
27.890543, -0.000160
27.900543, 0.000372
27.910543, -0.000160
27.920544, 0.000372
27.930544, -0.000160
27.940544, -0.000692
27.950544, -0.000426
27.960545, -0.000160
27.970545, -0.000426
27.980545, 0.000372
27.990545, -0.000426
28.000546, -0.000692
28.010546, -0.000160
28.020546, 0.000106
28.030546, 0.000106
28.040546, 0.000372
28.050547, 0.000106
28.060547, 0.000639
28.070547, 0.000106
28.080547, 0.000106
28.090548, 0.000106
28.100548, -0.000160
28.110548, 0.000106
28.120548, 0.000106
28.130548, 0.000106
28.140549, 0.000106
28.150549, -0.000426
28.160549, -0.000160
28.170549, -0.000160
28.180550, -0.000426
28.190550, -0.000160
28.200550, -0.000426
28.210550, -0.000160
28.220551, 0.000106
28.230551, 0.000106
28.240551, -0.000692
28.250551, -0.000692
28.260551, -0.000160
28.270552, 0.000106
28.280552, -0.000426
28.290552, -0.000160
28.300552, 0.000106
28.310553, 0.000106
28.320553, 0.000106
28.330553, -0.000426
28.340553, -0.000426
28.350554, 0.000639
28.360554, -0.000160
28.370554, -0.000160
28.380554, 0.000106
28.390554, -0.000160
28.400555, 0.000106
28.410555, 0.000372
28.420555, -0.000692
28.430555, 0.000106
28.440556, -0.000160
28.450556, 0.000639
28.460556, 0.000106
28.470556, 0.000106
28.480556, -0.000160
28.490557, -0.000160
28.500557, -0.000160
28.510557, 0.000372
28.520557, -0.000958
28.530558, -0.000426
28.540558, 0.000639
28.550558, -0.000426
28.560558, -0.001225
28.570559, 0.000106
28.580559, -0.000160
28.590559, -0.000692
28.600559, 0.000905
28.610559, -0.000426
28.620560, -0.000160
28.630560, -0.000160
28.640560, -0.000160
28.650560, 0.000905
28.660561, 0.000106
28.670561, -0.000426
28.680561, -0.000160
28.690561, 0.000372
28.700562, -0.000426
28.710562, -0.000426
28.720562, -0.000160
28.730562, -0.000160
28.740562, -0.000160
28.750563, -0.000426
28.760563, -0.000426
28.770563, 0.000106
28.780563, -0.000160
28.790564, -0.000160
28.800564, 0.000372
28.810564, 0.000372
28.820564, 0.000372
28.830564, 0.000372
28.840565, 0.000372
28.850565, -0.000160
28.860565, -0.000426
28.870565, -0.000160
28.880566, -0.000426
28.890566, -0.000692
28.900566, -0.000426
28.910566, -0.000160
28.920567, 0.000106
28.930567, -0.000160
28.940567, -0.000958
28.950567, -0.000160
28.960567, -0.000692
28.970568, 0.000372
28.980568, 0.000372
28.990568, -0.000160
29.000568, -0.000160
29.010569, -0.000160
29.020569, -0.000426
29.030569, -0.000426
29.040569, -0.000692
29.050570, -0.000426
29.060570, -0.000958
29.070570, -0.000426
29.080570, -0.000426
29.090570, -0.000426
29.100571, 0.000106
29.110571, -0.000958
29.120571, -0.000426
29.130571, 0.000639
29.140572, 0.000639
29.150572, 0.000106
29.160572, 0.000372
29.170572, -0.000160
29.180573, 0.000372
29.190573, -0.000160
29.200573, -0.000692
29.210573, -0.000160
29.220573, 0.000372
29.230574, 0.000106
29.240574, -0.000426
29.250574, -0.000426
29.260574, 0.000106
29.270575, 0.000106
29.280575, -0.000160
29.290575, -0.000160
29.300575, -0.000692
29.310575, 0.000905
29.320576, -0.000958
29.330576, 0.000106
29.340576, -0.000160
29.350576, 0.000372
29.360577, 0.000372
29.370577, -0.000160
29.380577, -0.000426
29.390577, -0.000160
29.400578, -0.000426
29.410578, -0.000426
29.420578, -0.000426
29.430578, -0.000426
29.440578, -0.000426
29.450579, -0.000160
29.460579, -0.000160
29.470579, 0.000106
29.480579, -0.000692
29.490580, -0.000160
29.500580, -0.000692
29.510580, -0.000692
29.520580, -0.000426
29.530581, -0.000426
29.540581, 0.000372
29.550581, -0.000426
29.560581, -0.000160
29.570581, 0.000106
29.580582, -0.000426
29.590582, 0.000106
29.600582, 0.000372
29.610582, -0.000160
29.620583, 0.000106
29.630583, -0.000160
29.640583, 0.000106
29.650583, 0.000106
29.660583, 0.000372
29.670584, 0.000905
29.680584, 0.000106
29.690584, 0.000372
29.700584, 0.000106
29.710585, 0.000106
29.720585, -0.000160
29.730585, 0.000639
29.740585, 0.000106
29.750586, -0.000160
29.760586, 0.000106
29.770586, -0.000160
29.780586, -0.000692
29.790586, -0.000160
29.800587, -0.000426
29.810587, -0.000692
29.820587, -0.000160
29.830587, 0.000372
29.840588, 0.000106
29.850588, 0.000106
29.860588, -0.000160
29.870588, 0.000106
29.880589, 0.000372
29.890589, -0.000160
29.900589, -0.000426
29.910589, -0.000160
29.920589, 0.000106
29.930590, -0.000958
29.940590, 0.000106
29.950590, -0.000160
29.960590, 0.000106
29.970591, -0.000160
29.980591, 0.000106
29.990591, 0.000106
30.000591, 0.000372
30.010592, -0.000160
30.020592, -0.000160
30.030592, 0.000106
30.040592, -0.000958
30.050592, 0.000106
30.060593, 0.000372
30.070593, 0.000372
30.080593, 0.000106
30.090593, 0.000106
30.100594, -0.000160
30.110594, -0.000160
30.120594, -0.000160
30.130594, -0.000426
30.140594, -0.000160
30.150595, 0.000106
30.160595, -0.000160
30.170595, -0.000160
30.180595, 0.000106
30.190596, -0.000692
30.200596, -0.000426
30.210596, -0.000426
30.220596, 0.000106
30.230597, -0.000426
30.240597, -0.000426
30.250597, -0.000958
30.260597, 0.000372
30.270597, -0.000160
30.280598, -0.000160
30.290598, -0.000160
30.300598, 0.000905
30.310598, -0.000426
30.320599, 0.000106
30.330599, -0.000426
30.340599, 0.000106
30.350599, 0.000106
30.360600, -0.000958
30.370600, -0.000160
30.380600, -0.000160
30.390600, -0.000160
30.400600, -0.000692
30.410601, 0.000639
30.420601, -0.000160
30.430601, -0.000426
30.440601, 0.000106
30.450602, 0.000106
30.460602, -0.000426
30.470602, -0.000160
30.480602, -0.000692
30.490602, -0.000160
30.500603, 0.000106
30.510603, 0.000639
30.520603, 0.000372
30.530603, 0.000372
30.540604, 0.000106
30.550604, 0.000106
30.560604, 0.000372
30.570604, 0.000106
30.580605, -0.000160
30.590605, -0.000160
30.600605, -0.000160
30.610605, -0.000160
30.620605, -0.000160
30.630606, 0.000106
30.640606, 0.000372
30.650606, 0.000639
30.660606, -0.000426
30.670607, -0.000426
30.680607, -0.000160
30.690607, -0.000692
30.700607, 0.000106
30.710608, 0.000372
30.720608, -0.000160
30.730608, -0.000160
30.740608, -0.000160
30.750608, -0.000160
30.760609, 0.000372
30.770609, 0.000372
30.780609, -0.000160
30.790609, -0.000160
30.800610, 0.000372
30.810610, 0.000639
30.820610, -0.000692
30.830610, -0.000692
30.840611, 0.000106
30.850611, 0.000372
30.860611, 0.000639
30.870611, 0.000372
30.880611, 0.000106
30.890612, -0.000160
30.900612, -0.000160
30.910612, -0.000160
30.920612, 0.000106
30.930613, 0.000106
30.940613, -0.000160
30.950613, 0.000106
30.960613, 0.000106
30.970613, -0.000160
30.980614, 0.000106
30.990614, -0.000160
31.000614, 0.000372
31.010614, -0.000160
31.020615, -0.000160
31.030615, 0.000106
31.040615, -0.000426
31.050615, 0.000106
31.060616, 0.000372
31.070616, 0.000106
31.080616, -0.000426
31.090616, -0.000160
31.100616, 0.000106
31.110617, -0.000692
31.120617, -0.000160
31.130617, 0.000106
31.140617, 0.000106
31.150618, -0.000160
31.160618, 0.000372
31.170618, 0.000372
31.180618, -0.000426
31.190619, -0.000692
31.200619, -0.000160
31.210619, 0.000106
31.220619, -0.000426
31.230619, 0.000106
31.240620, 0.000372
31.250620, 0.000106
31.260620, 0.000106
31.270620, 0.000106
31.280621, -0.000692
31.290621, -0.000160
31.300621, 0.000106
31.310621, 0.000372
31.320621, -0.000160
31.330622, -0.000426
31.340622, -0.000426
31.350622, -0.000692
31.360622, 0.000106
31.370623, -0.000426
31.380623, -0.000160
31.390623, -0.000426
31.400623, -0.000426
31.410624, -0.000426
31.420624, -0.000692
31.430624, -0.000160
31.440624, -0.000426
31.450624, 0.000106
31.460625, -0.000160
31.470625, -0.000160
31.480625, 0.000106
31.490625, 0.000106
31.500626, 0.000106
31.510626, 0.000106
31.520626, -0.000160
31.530626, -0.000160
31.540627, -0.000160
31.550627, 0.000372
31.560627, 0.000372
31.570627, -0.000160
31.580627, -0.000160
31.590628, 0.000372
31.600628, 0.000106
31.610628, -0.000426
31.620628, -0.000692
31.630629, -0.000160
31.640629, 0.000106
31.650629, -0.000426
31.660629, 0.000372
31.670630, 0.000106
31.680630, 0.000106
31.690630, 0.000372
31.700630, 0.000106
31.710630, 0.000106
31.720631, 0.000106
31.730631, 0.000106
31.740631, -0.000160
31.750631, -0.000160
31.760632, 0.000106
31.770632, 0.000106
31.780632, -0.000160
31.790632, 0.000639
31.800632, -0.000160
31.810633, 0.000106
31.820633, -0.000160
31.830633, -0.000160
31.840633, 0.000639
31.850634, 0.000372
31.860634, -0.000692
31.870634, -0.000426
31.880634, -0.000692
31.890635, 0.000372
31.900635, -0.000160
31.910635, -0.000160
31.920635, -0.000426
31.930635, -0.000426
31.940636, 0.000106
31.950636, 0.000372
31.960636, 0.000372
31.970636, 0.000106
31.980637, 0.000372
31.990637, 0.000639
32.000637, 0.000106
32.010635, -0.000160
32.020634, -0.000160
32.030632, -0.000160
32.040630, -0.000426
32.050629, -0.000160
32.060627, 0.000106
32.070625, -0.000160
32.080624, 0.000106
32.090622, -0.000160
32.100620, 0.000639
32.110619, -0.000160
32.120617, -0.000160
32.130615, -0.000426
32.140614, 0.000106
32.150612, -0.000160
32.160610, -0.000160
32.170609, 0.000106
32.180607, -0.000692
32.190605, -0.000160
32.200603, -0.000160
32.210602, 0.000106
32.220600, 0.000106
32.230598, 0.000372
32.240597, -0.000160
32.250595, 0.000106
32.260593, -0.000160
32.270592, -0.000692
32.280590, -0.000426
32.290588, -0.000160
32.300587, 0.000372
32.310585, -0.000160
32.320583, -0.000692
32.330582, -0.000160
32.340580, 0.000372
32.350578, -0.000692
32.360577, -0.000426
32.370575, -0.000160
32.380573, -0.000426
32.390572, 0.000106
32.400570, 0.000372
32.410568, 0.000372
32.420567, -0.000160
32.430565, 0.000106
32.440563, -0.000160
32.450562, 0.000106
32.460560, 0.000106
32.470558, 0.000106
32.480556, -0.000160
32.490555, -0.000426
32.500553, 0.000372
32.510551, 0.000106
32.520550, 0.000106
32.530548, 0.000639
32.540546, -0.000426
32.550545, -0.000426
32.560543, -0.000426
32.570541, -0.000160
32.580540, -0.000692
32.590538, 0.000372
32.600536, 0.000372
32.610535, 0.000106
32.620533, -0.000426
32.630531, -0.000426
32.640530, -0.000160
32.650528, 0.000106
32.660526, 0.000372
32.670525, 0.000372
32.680523, 0.000106
32.690521, 0.000106
32.700520, -0.000426
32.710518, -0.000692
32.720516, -0.000426
32.730515, 0.000372
32.740513, -0.000426
32.750511, 0.000106
32.760509, -0.000426
32.770508, 0.000106
32.780506, -0.000160
32.790504, -0.000160
32.800503, 0.000106
32.810501, -0.000160
32.820499, -0.000160
32.830498, 0.000106
32.840496, -0.000160
32.850494, 0.000106
32.860493, -0.000160
32.870491, -0.000692
32.880489, 0.000106
32.890488, -0.000160
32.900486, -0.000160
32.910484, 0.000106
32.920483, 0.000372
32.930481, -0.000160
32.940479, -0.000426
32.950478, -0.000958
32.960476, -0.000160
32.970474, -0.000160
32.980473, -0.000426
32.990471, 0.000372
33.000469, 0.000106
33.010468, 0.000372
33.020466, 0.000106
33.030464, 0.000106
33.040462, 0.000372
33.050461, 0.000639
33.060459, -0.000160
33.070457, -0.000692
33.080456, 0.000372
33.090454, 0.000372
33.100452, -0.000426
33.110451, -0.000160
33.120449, -0.000692
33.130447, -0.000426
33.140446, -0.000692
33.150444, -0.000426
33.160442, -0.000426
33.170441, -0.000160
33.180439, 0.000372
33.190437, 0.000372
33.200436, -0.000426
33.210434, -0.000160
33.220432, 0.000106
33.230431, 0.000106
33.240429, 0.000106
33.250427, -0.000426
33.260426, 0.000106
33.270424, -0.000160
33.280422, 0.000372
33.290421, -0.000160
33.300419, 0.000372
33.310417, -0.000426
33.320415, 0.000106
33.330414, -0.000426
33.340412, -0.000160
33.350410, 0.000106
33.360409, -0.000692
33.370407, -0.000160
33.380405, 0.000372
33.390404, 0.000106
33.400402, -0.000958
33.410400, 0.000106
33.420399, -0.000692
33.430397, -0.001225
33.440395, -0.000160
33.450394, -0.000426
33.460392, 0.000106
33.470390, 0.000106
33.480389, -0.000160
33.490387, -0.000426
33.500385, -0.000160
33.510384, -0.000160
33.520382, -0.000426
33.530380, -0.000426
33.540379, -0.000160
33.550377, 0.000106
33.560375, -0.000160
33.570374, -0.000692
33.580372, -0.000426
33.590370, -0.000692
33.600368, -0.000160
33.610367, -0.000160
33.620365, 0.000372
33.630363, 0.000106
33.640362, 0.000639
33.650360, -0.000160
33.660358, 0.000905
33.670357, 0.000372
33.680355, -0.000160
33.690353, -0.000160
33.700352, 0.000372
33.710350, 0.000905
33.720348, -0.000160
33.730347, -0.000692
33.740345, -0.000160
33.750343, -0.000426
33.760342, -0.000426
33.770340, 0.000639
33.780338, 0.000106
33.790337, 0.000639
33.800335, 0.000639
33.810333, 0.000372
33.820332, -0.000160
33.830330, -0.000958
33.840328, 0.000639
33.850327, -0.000160
33.860325, -0.000160
33.870323, -0.000160
33.880322, -0.000958
33.890320, -0.000692
33.900318, -0.000426
33.910316, -0.000426
33.920315, 0.000106
33.930313, 0.000106
33.940311, -0.000160
33.950310, -0.000160
33.960308, -0.000426
33.970306, 0.000106
33.980305, -0.000160
33.990303, -0.000160
34.000301, 0.000106
34.010300, 0.000372
34.020298, -0.000160
34.030296, -0.000426
34.040295, -0.000958
34.050293, 0.000372
34.060291, -0.000426
34.070290, -0.000160
34.080288, -0.000958
34.090286, -0.000160
34.100285, -0.000692
34.110283, -0.000426
34.120281, 0.000106
34.130280, -0.000426
34.140278, 0.000372
34.150276, 0.000106
34.160275, 0.000106
34.170273, -0.000160
34.180271, -0.000958
34.190269, -0.000426
34.200268, 0.000106
34.210266, 0.000372
34.220264, 0.000106
34.230263, 0.000106
34.240261, -0.000160
34.250259, -0.000426
34.260258, -0.000426
34.270256, -0.000426
34.280254, 0.000106
34.290253, -0.000160
34.300251, 0.000106
34.310249, -0.000160
34.320248, -0.000692
34.330246, -0.000426
34.340244, 0.000905
34.350243, 0.000372
34.360241, 0.000639
34.370239, -0.000160
34.380238, 0.000639
34.390236, -0.000426
34.400234, 0.000106
34.410233, 0.000372
34.420231, 0.000106
34.430229, -0.000692
34.440228, -0.000160
34.450226, 0.000106
34.460224, -0.000160
34.470222, 0.000372
34.480221, -0.000160
34.490219, 0.000372
34.500217, -0.000160
34.510216, -0.000692
34.520214, -0.000160
34.530212, -0.000160
34.540211, 0.000106
34.550209, -0.000426
34.560207, 0.000106
34.570206, -0.000692
34.580204, 0.000106
34.590202, -0.000426
34.600201, 0.000106
34.610199, -0.000160
34.620197, -0.000692
34.630196, -0.000958
34.640194, -0.000692
34.650192, 0.000106
34.660191, 0.000106
34.670189, 0.000106
34.680187, 0.000372
34.690186, -0.000160
34.700184, -0.000692
34.710182, -0.000160
34.720181, 0.000106
34.730179, -0.000160
34.740177, -0.000160
34.750175, -0.000160
34.760174, -0.000426
34.770172, 0.000372
34.780170, -0.000160
34.790169, 0.000372
34.800167, -0.000160
34.810165, 0.000106
34.820164, 0.000372
34.830162, 0.000106
34.840160, 0.000106
34.850159, -0.000426
34.860157, -0.000692
34.870155, -0.001225
34.880154, -0.000426
34.890152, 0.000372
34.900150, -0.000160
34.910149, -0.000692
34.920147, 0.000106
34.930145, -0.000160
34.940144, 0.000106
34.950142, 0.000639
34.960140, -0.000426
34.970139, -0.000160
34.980137, 0.000372
34.990135, 0.000372
